gene	phenotype	lit_mean	lit_argmax	p_established	p_existing	p_hypothesized	p_novel	open_targets_verdict	open_targets_max_score	ot_channel	ot_tag	ot_trait	ot_cap	found	read	cached	arm	fingerprint	justification	error
CUL4A	bipolar disorder	Existing	Existing	4	68	20	8	Hypothesized	0.09007460842349155	exact	EXACT	bipolar disorder		73	19	False	currentv2-cheap	54db504f3231	The large PGC bipolar disorder GWAS (PMID 34002096) reports a genome-wide significant locus on chromosome 14 (rs2693698) annotated to CUL4A, which constitutes a credible human genetic association, though it is a locus-level assignment rather than proof of causality. A second human study (PMID 29257106) reanalyzed WTCCC GWAS data and identified CUL4A among network hub genes linked to bipolar disorder, providing supportive but indirect evidence. A postmortem brain study (PMID 31988434) found circCUL4A altered in schizophrenia but explicitly unchanged in bipolar disorder, offering weak biological support at best. No article reports causal CUL4A variants segregating in independent bipolar probands or families, so Established cannot be supported; the remaining papers concern CUL4A's ubiquitin-ligase biology in cancer, DNA repair, and kidney injury and are irrelevant to the phenotype. Therefore Existing is the most appropriate category, with residual probability on Hypothesized given the reliance on locus annotation.	
ZNF765	type 2 diabetes	Hypothesized	Existing	2	62	13	23	Hypothesized	0.1414775081535261	exact	EXACT	type 2 diabetes mellitus		5	2	False	currentv2-cheap	54db504f3231	"The pooled blood genome-wide association study in the Indian Sindhi population (PMID 35893037) reports ZNF765 among variants significantly associated with type 2 diabetes in humans, listing it as a novel candidate gene — this constitutes limited but credible human genetic association evidence, supporting ""Existing"". The somatic gene conversion analysis of WTCCC data (PMID 21291537) places ZNF765 within a cluster of homologous zinc-finger genes (ZNF761/ZNF765/ZNF813/ZNF331) at loci flagged for CD/T2D and T1D, but this is a multi-gene duplicon signal that cannot single out ZNF765 and is methodologically speculative. No replication in independent cohorts, no family/proband data, and no functional or mechanistic studies linking ZNF765 biology to glucose metabolism are present, so ""Established"" is excluded. Some probability remains for ""Novel"" because the single supporting study is a pooled-DNA screening design whose candidate list is explicitly stated to require future validation."	
SRGAP2	asthma	Existing	Existing	3	72	15	10	Hypothesized	0.18855840322733755	exact	EXACT	asthma		28	12	False	currentv2-cheap	54db504f3231	"The only asthma-relevant article is the large human genome-wide analysis (PMID 32296059), which reports a genome-wide significant variant (rs4127124, 1q32.1, P = 4.6E−09) annotated to SRGAP2 among 66 novel asthma loci. This is a single credible human genetic association at a locus, not a replicated demonstration that SRGAP2 variants cause asthma, and the annotated gene at a GWAS locus may not be the causal gene, so ""Established"" is not supportable (no articles report SRGAP2 variants in independent asthma probands or families). All other articles concern SRGAP2 biology in neuronal migration, synaptic development, human-specific gene duplication, osteoclastogenesis/inflammation, and osteosarcoma, with no asthma phenotype; the osteoclast/TNFα inflammation work (PMID 31880824) offers only weak, indirect mechanistic plausibility in mice. Therefore the evidence best fits ""Existing,"" with residual weight on ""Hypothesized""/""Novel"" should the GWAS annotation reflect a neighbouring causal gene."	
MYO18A	schizophrenia	Existing	Existing	4	56	28	12	Existing	0.21636803432330173	exact	EXACT	schizophrenia		43	19	False	currentv2-cheap	54db504f3231	Two human-based studies provide limited but credible links: a de novo variant/network analysis across three schizophrenia trio cohorts lists MYO18A among schizophrenia SNV-containing genes within an actin-cytoskeleton convergent network (PMID 38398753), and a tissue-specific protein-association atlas prioritizes MYO18A as a likely causal gene at a schizophrenia GWAS locus (score 0.428, PMID 40316700). Neither reports independent probands or families with validated, segregating MYO18A variants causing schizophrenia, so Established cannot be supported. Supporting biology (actin/actomyosin dynamics, dendritic spine and synapse maturation, synaptic protein networks implicated in schizophrenia susceptibility, epileptic encephalopathy candidacy) provides plausible mechanism (PMIDs 41594775, 33634131, 38776246, 35505090, 29667327), which would justify at minimum a Hypothesized rating. Other papers concern cancer, Ménière's disease, Alzheimer's, or myosin biochemistry and are not relevant to schizophrenia causation.	
CREB5	atrial fibrillation	Existing	Existing	5	80	13	2	Existing	0.4362834619851273	exact	EXACT	atrial fibrillation		48	6	False	currentv2-cheap	54db504f3231	"CREB5 is repeatedly listed as the nearest/candidate gene at a genome-wide significant AF locus (rs6462078/rs6462079) from large human GWAS (Roselli, Nielsen), and PMID 33505650 reports its own replication analysis showing rs6462079 associated with AF in a Puerto Rican Hispanic cohort, providing human variant-level evidence. Additional human data include cis-eQTL/coexpression analyses in left atrial tissue (PMID 37329937) and single-cell expression of CREB5 in atrial neuronal clusters enriched for AF GWAS genes (PMID 39701940), supporting biological plausibility. However, no study demonstrates a causal, Mendelian role of CREB5 variants in independent probands or families; the evidence is common-variant association at a locus containing CREB5, so ""Established"" is not supportable. Most reviews (PMIDs 39867228, 40149630, 37270590) simply restate the known GWAS association as background, which counts as citation rather than independent evidence."	
CYP7B1	schizophrenia	Existing	Existing	3	57	35	5	Existing	0.32675092285830987	exact	EXACT	schizophrenia		77	20	False	currentv2-cheap	54db504f3231	"No article reports pathogenic CYP7B1 variants segregating with schizophrenia in probands or families; all clinical variant reports (SPG5/HSP, neonatal cholestasis) concern entirely different phenotypes, so Established is effectively excluded. However, one human genetic study (PMID 36805283) used summary-data-based Mendelian randomization integrating schizophrenia GWAS with single-cell brain eQTL data and named CYP7B1 among 54 schizophrenia risk genes (specifically in excitatory neurons), which constitutes credible but non-definitive human genetic-association evidence supporting ""Existing"". Supporting indirect human data include risk-taking GWAS loci where the lead SNP is an eQTL for CYP7B1 with strong genetic correlation to schizophrenia (PMIDs 30181555, 30271922), though risk-taking is only a loosely related trait. Biological plausibility is also substantial: CYP7B1 inactivates 27-hydroxycholesterol and DHEA-type neurosteroids, and oxysterol/steroidomic alterations have been reported in early-onset and adult schizophrenia (PMIDs 41776627, 39201417, 14521990, 19687010), which would justify at least ""Hypothesized"". The balance therefore favors Existing with a substantial residual probability on Hypothesized."	
LMTK2	type 2 diabetes	Existing	Existing	3	83	12	2	Existing	0.2480954057400836	exact	EXACT	type 2 diabetes mellitus		42	15	False	currentv2-cheap	54db504f3231	The East Asian T2D GWAS meta-analysis of 433,540 individuals (PMID 32499647) reported a novel female-specific T2D association at a locus near LMTK2, and the PLACO pleiotropy analysis (PMID 33290408) identified a shared T2D/prostate cancer signal at 7q21.3 annotated to LMTK2, providing human genetic association evidence. A Qatari multi-omics study (PMID 37679740) additionally found LMTK2 methylation (cg09627709) associated with T2D and noted LMTK2 among genes already listed in the GWAS catalogue for T2D. Human transcriptomic data in fasting metabolic tissues (PMID 31439477) and kinome profiling in human beta cells downstream of GLP-1R (PMID 37039251) add supportive but non-genetic, mechanistic plausibility. No study demonstrates causal variants in independent probands or families, so Established is not warranted; the remaining literature (neurodegeneration, prostate cancer, CFTR trafficking) is unrelated to T2D causation.	
SSBP2	bipolar disorder	Existing	Existing	3	65	22	10	Existing	0.3280559767396467	exact	EXACT	bipolar disorder		36	13	False	currentv2-cheap	54db504f3231	The only direct human genetic link comes from the conditional FDR analysis of Alzheimer's disease and bipolar disorder (PMID 30930738), which reported SSBP2 (rs7707981, intronic) as one of nine novel loci associated with bipolar disorder after conditioning on AD — a credible but sub-genome-wide, non-replicated association. The major bipolar GWAS papers (PMIDs 34002096, 31043756, 33263727) and transcriptomic work (PMID 35260864) do not implicate SSBP2, so there is no independent replication and Established cannot be supported (no two papers with variants in independent probands/families). Remaining SSBP2 literature concerns telomere protection in mice, glioblastoma survival, Wnt enhanceosome structure, leukemia fusion kinase signaling, and murine hippocampal neurogenesis — the neurogenesis and educational-attainment/AD findings provide only indirect biological plausibility, supporting a Hypothesized fallback. Accordingly, most weight goes to Existing, with residual probability spread to Hypothesized and Novel.	
ATAD2B	adult height	Existing	Existing	8	78	11	3	Existing	0.3553589437927992	exact	EXACT	body height		10	8	False	currentv2-cheap	54db504f3231	"Two large human GWAS report ATAD2B in the context of adult height: the GIANT common-variant analysis (PMID 25282103) names ATAD2B among genes at height-associated loci (histone demethylation category), and the Japanese height GWAS (PMID 31562340) reports a low-frequency variant near/in ATAD2B associated with height at genome-wide significance. These are human genetic association data, supporting ""Existing,"" but they are locus-level common/low-frequency variant associations that do not definitively pin causality on ATAD2B, and no independent probands or families with ATAD2B variants causing a height phenotype are reported. The structural/biochemical papers (PMIDs 41959150, 33084328) describe ATAD2B chromatin biology without height phenotypes, and the CNV cohort (PMID 31780800) involves a multigene duplication, which cannot single out ATAD2B. Hence ""Established"" is not supported, and a modest residual probability is left for ""Hypothesized"" if the GWAS annotations are considered merely positional."	
UBAC2	asthma	Existing	Existing	7	83	8	2	Existing	0.34583487456940015	exact	EXACT	asthma		33	13	False	currentv2-cheap	54db504f3231	"Multiple independent human GWAS implicate the 13q32.3 UBAC2 locus in asthma: a UK Biobank GWAS/TWAS prioritized UBAC2 as a candidate causal gene with lung eQTL colocalization (PP4 = 0.65) and a strong TWAS signal (PMID 34103634), a FinnGen/UKB meta-analysis of asthma and nasal polyposis reported rs2182885 in a UBAC2 intron (PMID 41213931), an asthma subtype cluster GWAS identified rs9517640 at UBAC2 (PMID 37488738), and an African American asthma meta-analysis reported rs34259893 at UBAC2 (PMID 36089080); a regulatory-network study also lists UBAC2 among pleiotropic asthma eQTL genes (PMID 37680636). These are robust, replicated human association data, but they are common-variant GWAS/eQTL findings, not variants demonstrated to cause asthma in probands or families, so ""Established"" is not warranted. Additional biological plausibility comes from UBAC2's role as an ER-phagy receptor restraining inflammatory responses (PMID 39284914) and its association with Behçet's disease, an immune-mediated condition (PMIDs 21918955, 22455605), supporting but not replacing the human genetic association evidence. Hence the evidence best fits ""Existing,"" with small residual probability for ""Hypothesized"" if one considered the GWAS gene assignments locus-level rather than gene-specific."	
MICU2	atrial fibrillation	Existing	Existing	3	82	14	1	Existing	0.4196647248142647	exact	EXACT	atrial fibrillation		48	20	False	currentv2-cheap	54db504f3231	"Human genome-wide association data directly implicate the MICU2 locus in atrial fibrillation: the cross-ancestry GWAS of >1 million individuals reports the intronic variant rs11841562 in MICU2 as an AF susceptibility signal (PMID 36653681), and this is replicated/confirmed in a subsequent large meta-analysis and drug-target framework (PMID 41094627) and cited as an AF calcium-handling gene in a genetics review (PMID 39867228); pleiotropy-based colocalization also prioritizes the MICU2 region (PMID 42351607). Supporting biology is plausible—MICU2 is a gatekeeper of the mitochondrial calcium uniporter, is altered in persistent AF atrial proteomes (PMID 41928451), and Micu2-/- mice show atrial enlargement and diastolic dysfunction (PMID 29073106)—but these are mechanistic/animal data. No study identifies rare causal MICU2 variants segregating in AF probands or families (the only human Mendelian MICU2 phenotype is a neurodevelopmental disorder, PMID 29053821), so ""Established"" is not supported. The evidence therefore best fits ""Existing,"" with residual weight on ""Hypothesized"" if the GWAS signal is attributed to a neighboring gene (e.g., FGF9/ZDHHC20)."	
RAB5B	adult height	Existing	Existing	4	68	18	10	Hypothesized	0.0565639403577788	exact	EXACT	body height		35	18	False	currentv2-cheap	54db504f3231	"The strongest evidence is the Taiwan Biobank genome-wide association study of height (PMID 35831902), in which a genome-wide-significant height-associated variant (rs139121417) is annotated to RAB5B with discovery and replication statistics in humans; this supports an ""Existing"" association but is a locus-level annotation on gene-dense 12q13.2 rather than proof of causation. A cattle genome-wide selection scan (PMID 31200634) implicates the RAB5B-containing region among stature/growth-related signals, but this is non-human and only adds hypothetical support. Most remaining articles concern PCOS-associated 12q13.2 variants (RPS26/RAB5B/SUOX, ERBB3/PA2G4) or RAB5 vesicular-trafficking biology, which are unrelated to adult height and are homonymous/incidental for this phenotype. No paper reports RAB5B variants causing height differences in independent probands or families, so ""Established"" cannot be supported; some residual probability is left for ""Hypothesized""/""Novel"" because the height signal may in fact be driven by neighboring genes."	
ANAPC4	body mass index	Existing	Existing	4	81	13	2	Established	0.5778667538408948	exact	EXACT	body mass index		42	20	False	currentv2-cheap	54db504f3231	"Several human GWAS-based studies report ANAPC4 variants in the context of BMI: the obesity–COVID-19 conjFDR analysis lists rs7664615 (ANAPC4) as a shared lead SNP with a strong BMI Z-score (~3.69), the UK Biobank obesity/brain study lists rs34811474 (ANAPC4) among BMI-associated loci, and the two-sample MR study annotates an ANAPC4 missense variant among BMI instruments influencing lung disease risk. Additional work links ANAPC4 (rs34811474) to BMI-correlated traits such as multisite chronic pain, snoring, and osteoarthritis–metabolic trait comorbidity, supporting a pleiotropic anthropometric signal. However, no study demonstrates causal ANAPC4 variants in independent probands or families, and functional evidence is limited to cell-cycle/APC biology in non-human systems, so ""Established"" is unsupported. A small share is retained for ""Hypothesized"" because much of the ANAPC4 literature is mechanistic (APC/C function in yeast, worms, plants, virus infection) rather than BMI-specific."	
TCEAL4	bipolar disorder	Novel	Novel	0	2	13	85	Novel	0.0	none				3	1	False	currentv2-cheap	54db504f3231	"The single available article concerns TCEAL1 loss-of-function and Xq22.2 deletions causing an early-onset neurodevelopmental disease trait (hypotonia, intellectual disability, autistic-like behavior, dysmorphic features); TCEAL4 is only mentioned as a neighboring gene within the deleted smallest region of overlap. No variant, association, or functional study links TCEAL4 specifically to bipolar disorder, and the multigene contiguous deletions cannot isolate TCEAL4 from adjacent genes. The reported ""neurobehavioral abnormalities"" are developmental rather than a recognized bipolar precursor, offering at most a very weak, indirect biological rationale. Therefore the relationship is best described as Novel, with a small allowance for a hypothesized neuropsychiatric-pathway argument."	
NOP16	adult height	Hypothesized	Novel	4	28	20	48	Novel	0.0	none				11	0	False	currentv2-cheap	54db504f3231	No articles were supplied for review, so there is no citable evidence in this set linking NOP16 variants or NOP16 biology to adult height. Without any primary genetic study in humans reporting variants in probands or families, the Established category cannot be supported (no PMIDs can be named). Some probability is retained for Existing because NOP16 lies in a genomic region (5q35) that has appeared as a nearest-gene annotation in large anthropometric GWAS, and such an association, if documented, would qualify as limited human evidence; likewise a small allowance is given to Hypothesized for its ribosome-biogenesis/growth-related biology. However, in the absence of any retrievable supporting literature here, the most defensible assignment weights Novel highest.	
FBXL14	atrial fibrillation	Novel	Novel	0	2	8	90	Hypothesized	0.11422880700131692	tie	CLOSE_MODERATE	ventricular fibrillation	Hypothesized	7	2	False	currentv2-cheap	54db504f3231	Neither provided article mentions atrial fibrillation, cardiac tissue, or any arrhythmia phenotype. Both describe FBXL14 in the context of SCF E3 ubiquitin ligase biology — regulation of EMT transcription factors (PMID 26506454) and proteasomal degradation of TLE/Groucho co-repressors during cell fate specification (PMID 42367945). There are no human genetic variant studies, no probands or families, and no cardiac functional or expression data linking FBXL14 to atrial fibrillation. The general developmental/transcriptional role leaves only a very faint, speculative mechanistic hook, so a small amount of weight goes to Hypothesized, with essentially no support for Existing or Established.	
KRTAP5-4	type 2 diabetes	Novel	Novel	0	2	3	95	Novel	0.0	none				3	0	False	currentv2-cheap	54db504f3231	No articles were provided linking KRTAP5-4 to type 2 diabetes. KRTAP5-4 encodes a keratin-associated protein involved in hair keratin cross-linking, with no known biological role in glucose metabolism or insulin signaling. Without any literature evidence—genetic, functional, or expression-based—there is no basis for an established, existing, or even hypothesized relationship. The appropriate classification is therefore Novel.	
NMT1	blood pressure	Existing	Existing	6	72	19	3	Existing	0.2412752689581112	exact	EXACT	Increased blood pressure		99	20	False	currentv2-cheap	54db504f3231	"Human genetic evidence links NMT1 to blood pressure: a kidney transcriptome-wide association and fine-mapping study (PMID 38504097) prioritized NMT1 via FOCUS as a causal BP gene at a chromosome 17 locus for diastolic BP, and a Mendelian randomization/aging study (PMID 40792619) reported NMT1 SNP associations with essential hypertension. Additional supportive human GWAS-based work includes a genomic SEM analysis of metabolic syndrome traits (including hypertension) identifying NMT1 as a high-confidence gene (PMID 41100481), and the 17q21.31 NMT1 locus appearing in cerebrovascular white matter hyperintensity genetics (PMID 41059159), a vascular phenotype strongly linked to BP. However, these are association/imputation-based analyses rather than replicated causal variant findings in probands or families, so ""Established"" is not supported. Mechanistic/functional plausibility (protein N-myristoylation in cardiovascular homeostasis and BP regulation, PMID 42047720; VSMC phenotype switching marker, PMID 34957241) supports the ""Hypothesized"" backdrop but the human association data push the answer to ""Existing""."	
QTMAN	body mass index	Hypothesized	Novel	1	8	36	55	Hypothesized	0.058683305709032775	exact	EXACT	body mass index		18	4	False	currentv2-cheap	54db504f3231	QTMAN (the tRNA queuosine mannosyltransferase, i.e., GTDC1) is functionally characterized only in PMID 37992713, where knockout affects tRNA glycosylation, translation and post-embryonic growth in zebrafish — an animal/in vitro finding about body length, not human BMI, so at best weakly hypothesis-generating. The epigenome-wide BMI/waist studies (PMID 26110892) and the anorexia methylation study (PMID 30693739) implicate other loci (CPT1A, PHGDH, CD38, LINC00263) and do not report QTMAN/GTDC1 variants or CpGs associated with BMI. PMID 40516819 mentions GTDC1 only as one of several genes with sex-specific differentially methylated regions in skeletal muscle of overweight/obese subjects, which is a sex-difference observation rather than a BMI association. No human genetic variant study links QTMAN to BMI, so Established and Existing are unsupported; the vertebrate growth phenotype provides only a thin biological rationale, leaving the balance between Novel and Hypothesized.	
CLVS1	body mass index	Hypothesized	Existing	4	56	22	18	Existing	0.4194788506068996	exact	EXACT	body mass index		11	5	False	currentv2-cheap	54db504f3231	"The strongest human genetic signal comes from PMID 35546387, where CLVS1 appears among miRNA-target genes harbouring GWAS 3'UTR variants associated with the child obesity trait — a human variant-based association with an adiposity/BMI-related phenotype, but secondary/bioinformatic and not independently replicated, which supports ""Existing"" rather than ""Established."" PMID 30108127 is a large multiethnic BMI GWAS but does not explicitly attribute a signal to CLVS1 in the provided text. PMID 36232772 provides only human tissue expression data (CLVS1 up-regulated in endometrial cancer from obese women), which is correlative and at best hypothesis-generating. PMID 34874915 concerns CLVS1 in nephrotic syndrome/podocyte biology, unrelated to BMI. No article reports causal CLVS1 variants in independent BMI probands or families, so ""Established"" is essentially excluded."	
PPP2R5E	blood pressure	Existing	Existing	6	80	10	4	Hypothesized	0.29300107893751653	tie	CHILD_FIRST	systolic blood pressure	Hypothesized	35	16	False	currentv2-cheap	54db504f3231	"The large UK Biobank GWAS (PMID 28135244) reports rs8016306 near PPP2R5E as a genome-wide significant locus for systolic blood pressure (P = 3.7×10⁻⁹) in humans, and this locus is subsequently catalogued in a review of hypertension GWAS findings (PMID 29666641) and tested (though not replicated, with concordant direction issues) in Ugandan adolescents (PMID 31469255). This constitutes credible but non-definitive human genetic association evidence rather than proof of causation; no clinical study reports rare variants in independent probands or families causing hypertension. Other PPP2R5E literature concerns cancer risk, Alzheimer's disease, and a de novo variant causing learning/motor disorders (PMID 39284558), none of which establish blood pressure causality, and transcriptomic co-mentions (PMIDs 34333829, 33831442, 34805976) are only incidental/pathway-level. Therefore ""Existing"" is the best fit, with small residual weight for ""Hypothesized"" if the GWAS signal is assigned to a neighbouring gene."	
MBD3L2	asthma	Novel	Novel	0	2	8	90	Novel	0.0	none				5	2	False	currentv2-cheap	54db504f3231	Neither provided article mentions asthma or any respiratory/allergic phenotype. Both papers (PMID 23239876, PMID 26769901) are purely biochemical/in vitro studies of MBD3L2 as an MBD2/MBD3 homolog in NuRD coiled-coil interactions and as a modulator of Tet2-mediated 5mC oxidation. There are no human genetic association data, no patient cohorts, and no variant-level evidence linking MBD3L2 to asthma. The only tenuous conceptual link is that DNA methylation regulation broadly influences immune gene expression, which is far too generic to support a hypothesized relationship. Therefore the evidence base is best described as Novel.	
XAGE1A	bipolar disorder	Novel	Novel	0	1	3	96	Novel	0.0					23	3	False	currentv2-cheap	54db504f3231	"All three retrieved articles concern XAGE-1 as a cancer/testis antigen, describing splice variants, subcellular localization, and expression in testis, melanoma, Ewing's sarcoma and lung adenocarcinoma. None mentions bipolar disorder, psychiatric phenotypes, brain expression, or any neurobiological pathway; the only ""bipart-/bipolar""-like term is the ""bipartite nuclear localization signal"" in PMID 21305256, an unrelated homonymous usage. There are no genetic association studies, no patient cohorts, and no functional data linking XAGE1A to mood regulation. The evidence base therefore provides no logical basis for a gene–phenotype relationship, making ""Novel"" the appropriate classification."	
H3Y2	type 2 diabetes	Novel	Novel	0	1	4	95	Novel	0.0	none				8	2	False	currentv2-cheap	54db504f3231	Both provided articles concern the primate-specific histone variants H3.X and H3.Y (H3Y2), addressing their discovery, chromatin incorporation, stress-responsive expression, and role in DUX4 target gene activation in FSHD/embryonic contexts. Neither paper mentions type 2 diabetes, glycemic traits, insulin secretion/resistance, or any metabolic phenotype. There are no genetic association studies, probands, or families linking H3Y2 variants to diabetes, so Established and Existing are unsupported. Only a very weak, generic biological argument (stress-responsive chromatin regulation and cell-cycle gene expression) could be stretched toward a hypothesis, which is insufficient; the evidence best supports Novel.	
CALHM4	schizophrenia	Novel	Novel	0	3	7	90	Novel	0.0	none				0	0	False	currentv2-cheap	54db504f3231	No articles were provided, so there is no evidence of any kind linking CALHM4 to schizophrenia. CALHM4 is a calcium homeostasis modulator family member, and while the family (notably CALHM1) has been studied in neurodegeneration, no literature here supports variant-level or biological involvement of CALHM4 in schizophrenia. Without any supporting publications, the relationship is best described as Novel, with small residual probability that unlisted expression/pathway data could support a hypothesized link.	
TCEAL2	asthma	Novel	Novel	0	2	5	93	Novel	0.0	none				9	0	False	currentv2-cheap	54db504f3231	No articles were provided linking TCEAL2 to asthma, so there is no literature evidence of any genetic association, functional relationship, or even co-mention. TCEAL2 is a transcription elongation factor A-like gene primarily studied in neurodevelopmental contexts, with no documented role in airway inflammation or allergic disease. Without any supporting publication, neither causal nor associative nor mechanistic claims can be substantiated. The relationship is therefore best classified as Novel, with only minimal residual probability allotted to the possibility of unretrieved evidence.	
DCST1	adult height	Existing	Existing	5	75	10	10	Existing	0.49644314671118916	exact	EXACT	body height		12	1	False	currentv2-cheap	54db504f3231	"The single available article (PMID 29782485) reports a human GWAS-based finding in which rs76306191, a common variant located in DCST1, reached genome-wide significance for adult height using summary statistic imputation of GIANT data and replicated in the UK Biobank (P = 2.74E-16, N = 336,474). This constitutes credible human genetic association evidence, but it is a statistical locus assignment from a single methodological study, with no fine-mapping, functional validation, or independent clinical probands/families implicating DCST1 causally. No article demonstrates causal variants in patients, so ""Established"" cannot be supported. Biological/mechanistic or animal-model data linking DCST1 to skeletal growth are absent from the provided list, so Hypothesized gets little weight; Novel is largely excluded because the co-mention is a direct, replicated association rather than incidental."	
TCEAL3	asthma	Novel	Novel	0	2	6	92	Novel	0.0	none				3	0	False	currentv2-cheap	54db504f3231	No articles were provided linking TCEAL3 to asthma, so there is no evidence of variants, expression data, pathway involvement, or animal models connecting this transcription elongation factor A-like gene to asthma pathogenesis. Without any supporting literature, the relationship must be considered novel. A small residual probability is allotted to Hypothesized/Existing in case relevant GWAS or expression data exist but were not retrieved in this search.	
NT5DC4	body mass index	Novel	Novel	0	2	8	90	Novel	0.0	none				4	1	False	currentv2-cheap	54db504f3231	"The only available article (PMID 33462198) investigates Drosophila orthologues of the cytosolic 5'-nucleotidase II family, including NT5DC4, in relation to neuropsychiatric disorder-relevant phenotypes (habituation learning, locomotor activity, sleep, synaptic morphology). It provides no human genetic association data and no measurement or mechanistic link to body mass index or adiposity. Reduced locomotor activity in knockdown flies is only tangentially and speculatively related to energy balance, which is insufficient for a ""Hypothesized"" designation. No evidence supports variants in NT5DC4 causing or being associated with BMI in humans, so the relationship is best described as Novel."	
H4C16	adult height	Novel	Novel	0	2	8	90	Existing	0.37731821803807525	exact	EXACT	body height		7	2	False	currentv2-cheap	54db504f3231	"Neither provided article reports human genetic variation in H4C16 (HIST1H4-family histone H4 gene cluster member) in relation to adult height. PMID 24740714 is an all-atom molecular dynamics simulation of generic H4 histone tail peptides interacting with DNA — it is in silico, not human, not gene-specific to H4C16, and makes no reference to stature. PMID 40790069 is a petroleum engineering study on hydraulic fracture ""height"" extension in sandstone reservoirs, a clear homonym/irrelevant co-mention that must be dismissed. With no clinical, association, expression, or animal-model evidence linking H4C16 to adult height, the relationship is best classified as Novel, with only a token allowance for generic chromatin-biology relevance to growth regulation."	
LRRC8E	schizophrenia	Novel	Novel	0	2	18	80	Novel	0.0	none				4	2	False	currentv2-cheap	54db504f3231	Neither provided article mentions schizophrenia or any psychiatric phenotype; both are molecular/biophysical studies of LRRC8 volume-regulated anion channel composition, gating, selectivity, and transport of cGAMP/cisplatin (PMIDs 33827893, 27325695). There is no human genetic association, no patient cohort, and no variant data linking LRRC8E to schizophrenia, so Established and Existing are unsupported. A small weight goes to Hypothesized because VRACs mediate glutamate/taurine release and cell-volume regulation in the brain, a biology loosely relevant to glutamatergic signaling in schizophrenia, but this connection is not made in these papers. The overwhelming likelihood on this evidence base is Novel.	
WASHC2A	blood pressure	Novel	Novel	2	12	10	76	Novel	0.0	none				2	0	False	currentv2-cheap	54db504f3231	No articles were provided for evaluation, so there is no literature evidence linking WASHC2A (FAM21A, a WASH complex subunit involved in endosomal actin nucleation and retromer-mediated trafficking) to blood pressure. Without any citable study reporting variants in patients, families, or GWAS signals, the Established and Existing categories cannot be supported. There is also no provided functional, expression, or animal-model evidence to justify a Hypothesized mechanistic link. A small residual probability is retained for Existing because WASHC2A lies in a gene-dense region sometimes implicated in large GWAS of cardiovascular traits, but on the present evidence the relationship is best described as Novel.	
OR13G1	atrial fibrillation	Hypothesized	Novel	1	22	12	65	Novel	0.0					4	3	False	currentv2-cheap	54db504f3231	"None of the provided articles examines atrial fibrillation; all concern myocardial infarction or coronary heart disease. The OR13G1 variant rs1151640 was reported in a gene-centric MI association study (PMID 16175505) and nominally replicated in a familial hypercholesterolemia cohort (PMID 18599554), but was explicitly not validated in an independent MI case-control study (PMID 17967605), leaving even the coronary phenotype uncertain. Coronary disease/MI can predispose to atrial fibrillation, which gives a weak indirect rationale supporting a small allocation to ""Existing,"" but OR13G1 is an olfactory receptor with no described cardiac electrophysiological biology, so no mechanistic link to AF is offered. Consequently the evidence base for an OR13G1–atrial fibrillation relationship is essentially absent, and ""Novel"" is the best description."	
C18orf63	body mass index	Novel	Novel	0	3	4	93	Hypothesized	0.0991756756614225	tie	CLOSE_VERY	body weight	Hypothesized	1	0	False	currentv2-cheap	54db504f3231	No articles were provided, so there is no literature evidence linking C18orf63 (an uncharacterized open reading frame) to body mass index. Without any publications reporting variants in patients, functional data, or animal models, neither Established nor Existing nor Hypothesized can be supported. The absence of evidence strongly favors classification as Novel, with small residual probability reflecting the possibility of unretrieved GWAS hits in large BMI meta-analyses.	
BICRAL	blood pressure	Novel	Novel	0	2	13	85	Hypothesized	0.08823999191298046	tie	CHILD_FIRST	systolic blood pressure	Hypothesized	5	1	False	currentv2-cheap	54db504f3231	The only article provided mentions BICRAL solely under its alias KIAA0240 as the host gene of a differentially expressed circRNA (hsa_circ_0076410) listed in a supplementary-style table from a COPD-pulmonary hypertension circRNA profiling study. BICRAL itself was not validated, functionally tested, or implicated as a hub gene (the study focused on VCAN, VCAM1, THBS1), and pulmonary hypertension in COPD is not systemic blood pressure. No human genetic variants, family/proband data, or association analyses linking BICRAL to blood pressure are reported in any provided article. This is an incidental co-mention, so the relationship is best described as Novel, with a small allowance for a weak expression-based hypothesis.	
H4C15	adult height	Novel	Novel	0	3	7	90	Novel	0.0	none				4	1	False	currentv2-cheap	54db504f3231	"The single provided article concerns an endophytic bacterium (Brucella pseudorignonensis BFYBC-8) with herbicidal activity against barnyard grass, and the only mention of ""height"" refers to plant height of Echinochloa crus-galli — an irrelevant homonymous use rather than human adult height. There is no mention of H4C15 (histone H4 cluster member 15) or any human genetic variant, expression, or functional data linking this gene to human stature. No human clinical, family, or association study is present, so neither Established nor Existing can be supported. No biological rationale is offered in this literature set either, leaving Novel as the overwhelmingly likely category."	
WASHC1	blood pressure	Novel	Novel	1	7	32	60	Hypothesized	0.1144343124152733	tie	CHILD_FIRST	pulse pressure measurement	Hypothesized	20	11	False	currentv2-cheap	54db504f3231	None of the provided articles report human genetic variants in WASHC1 associated with blood pressure or hypertension. The WASH-complex papers concern endosomal trafficking, actin nucleation, replication stress, cholesterol/bile acid handling in mice (PMIDs 31167970, 38086439, 35733063, 28646090), and related HSP/intellectual disability syndromes caused by other WASH subunits (CCDC22, strumpellin), not WASHC1 and not blood pressure. The only paper mentioning hypertension (PMID 21291537) is a speculative somatic gene-conversion analysis in which WASH1 appears within a multigene duplicated locus flagged for rheumatoid arthritis, not hypertension, and cannot single out WASHC1. Two papers mentioning blood pressure (PMIDs 35549904, 37009288) are clinical sedation/poisoning studies entirely unrelated to the gene. At most, a weak indirect biological rationale exists via WASH-mediated LDLR/SR-BI trafficking and cardiometabolic lipid handling in rodents, supporting a modest Hypothesized allocation, with the bulk of probability on Novel.	
ANKDD1B	type 2 diabetes	Existing	Existing	10	80	8	2	Existing	0.3704642961231804	exact	EXACT	type 2 diabetes mellitus		17	8	False	currentv2-cheap	54db504f3231	"The large multi-ancestry GWAS of T2D (PMID 32541925) reports ANKDD1B among T2D-associated loci, including a predicted loss-of-function variant (p.Trp480*, rs34358) in LD with a lead T2D signal, with PheWAS associations to dyslipidemia, hypercholesterolemia and diabetic neurological manifestations in humans. Cross-trait analyses of migraine/headache and T2D (PMID 36292730) and a related review (PMID 35627115) independently highlight rs42854 at ANKDD1B as reaching genome-wide significance for both migraine and T2D, and a methylome-wide T2D study (PMID 41151542) identifies a CpG annotated to ANKDD1B. This constitutes credible human genetic association evidence, but it is locus-level GWAS/PheWAS data in a gene-dense region (HMGCR, POC5, POLK), without family/proband-based causal demonstration or functional proof of causality. Therefore ""Existing"" is the best fit; ""Established"" is not supported because no study demonstrates causal variants in independent probands or families, and non-T2D papers (migraine-only, ARDS, immune review) serve mainly as supporting or incidental context."	
OPN5	body mass index	Existing	Existing	2	57	38	3	Existing	0.43002375868886145	exact	EXACT	body mass index		48	19	False	currentv2-cheap	54db504f3231	The multi-trait GWAS of atherosclerosis and its risk factors (PMID 35186008) reports a novel pleiotropic locus mapped to OPN5 (rs9381618, chr6:47.78 Mb) in a joint analysis that included BMI as one of the paired traits, providing a human genetic variant-level association relevant to BMI, though it is suggestive rather than definitive and derives from a combined-trait statistic. Supporting biology is strong but non-human or mechanistic: Opn5-expressing hypothalamic preoptic neurons suppress brown adipose thermogenesis in mice (PMID 32879486), Opn5 marks a hypothalamic leptin-receptor neuron population (PMID 37581939), Opn5 appears in hypothalamic transcriptomic changes in diet-induced obesity (PMID 41898832), and light-responsive adipose–hypothalamus metabolic circuits reference Opn5 (PMID 39117652). No studies report OPN5 variants in human probands or families causing altered BMI, so Established is effectively excluded. Novel is unlikely given both the human pleiotropy signal and the coherent energy-balance biology.	
MACROD2	bipolar disorder	Existing	Existing	6	62	24	8	Existing	0.31393614542065773	exact	EXACT	bipolar disorder		66	20	False	currentv2-cheap	54db504f3231	"Several human studies provide suggestive but non-definitive links between MACROD2 and bipolar disorder: a gene-level pleiotropy analysis across psychiatric disorders including bipolar disorder lists MACROD2 among genes with pleiotropic signals (PMID 34326310), a large-scale epistasis/interaction GWAS reports MACROD2 among top genes for combined SZ/BP risk (PMID 28398343), a single-nucleus transcriptomic study of BD cortex identifies MACROD2 as a putative BD risk gene via MAGMA enrichment (PMID 41501055), and a cross-trait kidney–psychiatric meta-analysis flags a MACROD2 locus in the BIP meta-signal, though this is likely driven by the renal trait (PMID 38858783). Rare structural evidence exists only as an exonic MACROD2 deletion in a BD proband that was shared with a sibling (PMID 25055870) — a CNV, which cannot establish causality for the gene alone. No study reports replicated, variant-level causal findings in independent bipolar probands or families, so ""Established"" is not supportable; most remaining signal could also be interpreted as biologically plausible but indirect (large brain-expressed gene implicated in ASD, schizophrenia, brain structure), supporting some weight for ""Hypothesized""."	
