gene	phenotype	classification	lit_mean	lit_argmax	ot_verdict
SHANK3	Autism Spectrum Disorder	autism known	Established	Established	Existing
SCN2A	Autism Spectrum Disorder	autism known	Established	Established	Existing
ADNP	Autism Spectrum Disorder	autism known	Established	Established	Existing
PTEN	Autism Spectrum Disorder	autism known	Established	Established	Existing
ARID1B	Autism Spectrum Disorder	autism known	Established	Established	Existing
SYNGAP1	Autism Spectrum Disorder	autism known	Established	Established	Hypothesized
CHD8	Autism Spectrum Disorder	autism known	Established	Established	Established
GRIN2B	Autism Spectrum Disorder	autism known	Established	Established	Established
DYRK1A	Autism Spectrum Disorder	autism known	Established	Established	Existing
CHD2	Autism Spectrum Disorder	autism known	Established	Established	Existing
ANKRD11	Autism Spectrum Disorder	autism known	Established	Established	Existing
POGZ	Autism Spectrum Disorder	autism known	Established	Established	Established
STXBP1	Autism Spectrum Disorder	autism known	Existing	Established	Existing
FOXP1	Autism Spectrum Disorder	autism known	Established	Established	Existing
DEAF1	Autism Spectrum Disorder	autism known	Established	Established	Existing
EHMT1	Autism Spectrum Disorder	autism known	Established	Established	Existing
ASXL3	Autism Spectrum Disorder	autism known	Established	Established	Existing
KMT2A	Autism Spectrum Disorder	autism known	Established	Established	Existing
KDM5B	Autism Spectrum Disorder	autism candidate	Existing	Established	Existing
TCF20	Autism Spectrum Disorder	autism known	Established	Established	Existing
SATB2	Autism Spectrum Disorder	autism known	Existing	Established	Existing
DYNC1H1	Autism Spectrum Disorder	autism known	Existing	Existing	Existing
KDM6B	Autism Spectrum Disorder	autism known	Existing	Established	Existing
NRXN1	Autism Spectrum Disorder	autism known	Established	Established	Existing
PPP2R5D	Autism Spectrum Disorder	autism known	Established	Established	Hypothesized
TCF4	Autism Spectrum Disorder	autism known	Established	Established	Established
CDK13	Autism Spectrum Disorder	autism known	Existing	Existing	Existing
TLK2	Autism Spectrum Disorder	autism known	Existing	Established	Hypothesized
CTCF	Autism Spectrum Disorder	autism known	Existing	Existing	Hypothesized
MEF2C	Autism Spectrum Disorder	autism known	Established	Established	Established
NAA15	Autism Spectrum Disorder	autism known	Established	Established	Existing
WAC	Autism Spectrum Disorder	autism known	Existing	Existing	Hypothesized
KMT5B	Autism Spectrum Disorder	autism known	Established	Established	Existing
CTNNB1	Autism Spectrum Disorder	autism known	Established	Established	Existing
AHDC1	Autism Spectrum Disorder	autism known	Established	Established	Hypothesized
GIGYF1	Autism Spectrum Disorder	autism candidate	Existing	Established	Established
DLG4	Autism Spectrum Disorder	autism known	Existing	Established	Existing
NF1	Autism Spectrum Disorder	autism known	Established	Established	Existing
ASH1L	Autism Spectrum Disorder	autism known	Established	Established	Existing
EBF3	Autism Spectrum Disorder	autism known	Existing	Established	Existing
SLC6A1	Autism Spectrum Disorder	autism known	Established	Established	Existing
CUL3	Autism Spectrum Disorder	autism known	Established	Established	Existing
HNRNPU	Autism Spectrum Disorder	autism known	Existing	Established	Hypothesized
MED13L	Autism Spectrum Disorder	autism known	Existing	Existing	Existing
KMT2C	Autism Spectrum Disorder	autism known	Established	Established	Existing
SETD5	Autism Spectrum Disorder	autism known	Established	Established	Existing
EP300	Autism Spectrum Disorder	autism known	Existing	Established	Hypothesized
TBR1	Autism Spectrum Disorder	autism known	Established	Established	Established
BCL11A	Autism Spectrum Disorder	autism known	Established	Established	Existing
AUTS2	Autism Spectrum Disorder	autism known	Established	Established	Existing
MARK2	Autism Spectrum Disorder	autism known	Established	Established	Established
BRAF	Autism Spectrum Disorder	autism known	Hypothesized	Hypothesized	Hypothesized
MYT1L	Autism Spectrum Disorder	autism known	Established	Established	Existing
GABRA1	Autism Spectrum Disorder	autism known	Existing	Existing	Hypothesized
TSC2	Autism Spectrum Disorder	autism known	Established	Established	Existing
SCN1A	Autism Spectrum Disorder	autism known	Existing	Established	Existing
ZEB2	Autism Spectrum Disorder	autism known	Existing	Existing	Hypothesized
DNMT3A	Autism Spectrum Disorder	autism known	Established	Established	Existing
BRSK2	Autism Spectrum Disorder	autism known	Established	Established	Existing
CNOT3	Autism Spectrum Disorder	autism known	Established	Established	Hypothesized
GATAD2B	Autism Spectrum Disorder	autism known	Existing	Existing	Hypothesized
MBD5	Autism Spectrum Disorder	autism known	Established	Established	Existing
NR3C2	Autism Spectrum Disorder	autism candidate	Existing	Existing	Existing
PPP3CA	Autism Spectrum Disorder	autism known	Existing	Existing	Hypothesized
TRIP12	Autism Spectrum Disorder	autism known	Established	Established	Hypothesized
RAI1	Autism Spectrum Disorder	autism known	Existing	Existing	Hypothesized
TBL1XR1	Autism Spectrum Disorder	autism known	Established	Established	Existing
DLL1	Autism Spectrum Disorder	autism known	Existing	Existing	Hypothesized
IRF2BPL	Autism Spectrum Disorder	autism known	Existing	Existing	Existing
SRCAP	Autism Spectrum Disorder	autism known	Existing	Existing	Hypothesized
ACTB	Autism Spectrum Disorder	autism known	Existing	Existing	Hypothesized
TANC2	Autism Spectrum Disorder	autism known	Existing	Established	Existing
ZNF292	Autism Spectrum Disorder	autism known	Established	Established	Existing
TAOK1	Autism Spectrum Disorder	autism known	Existing	Established	Hypothesized
CLTC	Autism Spectrum Disorder	autism known	Existing	Existing	Hypothesized
MED13	Autism Spectrum Disorder	autism known	Existing	Established	Hypothesized
AP2S1	Autism Spectrum Disorder	autism known	Hypothesized	Hypothesized	Existing
RORB	Autism Spectrum Disorder	autism known	Hypothesized	Existing	Hypothesized
KCNQ3	Autism Spectrum Disorder	autism known	Established	Established	Hypothesized
SOX5	Autism Spectrum Disorder	autism known	Existing	Established	Hypothesized
SON	Autism Spectrum Disorder	autism known	Existing	Existing	Hypothesized
SMAD4	Autism Spectrum Disorder	autism known	Existing	Established	Hypothesized
DNM1	Autism Spectrum Disorder	autism known	Existing	Existing	Hypothesized
CIC	Autism Spectrum Disorder	autism known	Established	Established	Existing
SHANK2	Autism Spectrum Disorder	autism known	Established	Established	Existing
PTPN11	Autism Spectrum Disorder	autism known	Existing	Existing	Existing
SMARCA2	Autism Spectrum Disorder	autism known	Existing	Existing	Hypothesized
SYNCRIP	Autism Spectrum Disorder	autism known	Existing	Established	Existing
PUF60	Autism Spectrum Disorder	autism known	Existing	Existing	Hypothesized
CAMTA1	Autism Spectrum Disorder	autism known	Existing	Existing	Hypothesized
GRIN1	Autism Spectrum Disorder	autism known	Existing	Existing	Existing
ZBTB20	Autism Spectrum Disorder	autism known	Existing	Existing	Hypothesized
POU3F3	Autism Spectrum Disorder	autism known	Existing	Established	Existing
PHF21A	Autism Spectrum Disorder	autism known	Existing	Existing	Hypothesized
TCF12	Autism Spectrum Disorder	autism known	Existing	Existing	Existing
WDFY3	Autism Spectrum Disorder	autism known	Established	Established	Existing
SMARCA4	Autism Spectrum Disorder	autism known	Existing	Existing	Existing
TM9SF4	Autism Spectrum Disorder	novel candidate	Existing	Existing	Hypothesized
FOXP2	Autism Spectrum Disorder	autism known	Existing	Existing	Hypothesized
CSNK2A1	Autism Spectrum Disorder	autism known	Existing	Established	Existing
TUBB2A	Autism Spectrum Disorder	autism known	Existing	Existing	Hypothesized
KMT2E	Autism Spectrum Disorder	autism known	Established	Established	Existing
SPEN	Autism Spectrum Disorder	autism known	Established	Established	Existing
ZMYM2	Autism Spectrum Disorder	autism known	Existing	Existing	Hypothesized
RFX3	Autism Spectrum Disorder	autism known	Established	Established	Existing
RFX7	Autism Spectrum Disorder	autism known	Existing	Existing	Hypothesized
SIN3A	Autism Spectrum Disorder	autism known	Existing	Established	Existing
KCNQ2	Autism Spectrum Disorder	autism known	Existing	Established	Hypothesized
NSD1	Autism Spectrum Disorder	autism known	Existing	Established	Hypothesized
QRICH1	Autism Spectrum Disorder	autism known	Existing	Existing	Hypothesized
ANK2	Autism Spectrum Disorder	autism known	Existing	Established	Existing
SETD1A	Autism Spectrum Disorder	autism known	Existing	Existing	Existing
KCNB1	Autism Spectrum Disorder	autism known	Existing	Established	Existing
GRIN2A	Autism Spectrum Disorder	autism known	Existing	Existing	Existing
GRIA2	Autism Spectrum Disorder	autism known	Established	Established	Hypothesized
SPTBN1	Autism Spectrum Disorder	autism known	Established	Established	Hypothesized
PRR12	Autism Spectrum Disorder	autism known	Existing	Existing	Existing
NR2F1	Autism Spectrum Disorder	autism known	Established	Established	Existing
SOX11	Autism Spectrum Disorder	autism known	Existing	Existing	Hypothesized
SKI	Autism Spectrum Disorder	ID known	Hypothesized	Hypothesized	Hypothesized
PACS1	Autism Spectrum Disorder	autism known	Existing	Established	Hypothesized
CREBBP	Autism Spectrum Disorder	autism known	Existing	Established	Hypothesized
TCF7L2	Autism Spectrum Disorder	autism known	Existing	Existing	Existing
CHD7	Autism Spectrum Disorder	autism known	Existing	Existing	Hypothesized
SETD1B	Autism Spectrum Disorder	autism known	Established	Established	Hypothesized
CSNK1E	Autism Spectrum Disorder	autism candidate	Hypothesized	Hypothesized	Hypothesized
WDR26	Autism Spectrum Disorder	autism known	Existing	Existing	Hypothesized
KCNMA1	Autism Spectrum Disorder	autism known	Existing	Existing	Existing
VEZF1	Autism Spectrum Disorder	autism candidate	Novel	Novel	Hypothesized
EEF1A2	Autism Spectrum Disorder	autism known	Existing	Established	Hypothesized
FOXG1	Autism Spectrum Disorder	autism known	Existing	Established	Existing
ZNF865	Autism Spectrum Disorder	autism candidate	Hypothesized	Existing	Hypothesized
CACNA1A	Autism Spectrum Disorder	autism known	Existing	Established	Hypothesized
GABRB3	Autism Spectrum Disorder	autism known	Existing	Existing	Hypothesized
TRIO	Autism Spectrum Disorder	autism known	Established	Established	Hypothesized
NBEA	Autism Spectrum Disorder	autism known	Existing	Existing	Existing
YWHAG	Autism Spectrum Disorder	autism known	Existing	Existing	Hypothesized
PBX1	Autism Spectrum Disorder	ID known	Hypothesized	Hypothesized	Existing
ATAT1	Autism Spectrum Disorder	novel candidate	Novel	Novel	Novel
FBXW11	Autism Spectrum Disorder	ID known	Hypothesized	Hypothesized	Existing
BRD4	Autism Spectrum Disorder	ID known	Hypothesized	Hypothesized	Hypothesized
MSL2	Autism Spectrum Disorder	autism known	Existing	Established	Existing
NSD2	Autism Spectrum Disorder	autism known	Existing	Existing	Hypothesized
ARF3	Autism Spectrum Disorder	ID known	Hypothesized	Existing	Existing
TNRC6B	Autism Spectrum Disorder	autism known	Established	Established	Existing
SETBP1	Autism Spectrum Disorder	autism known	Existing	Established	Hypothesized
PTPRS	Autism Spectrum Disorder	autism candidate	Hypothesized	Hypothesized	Novel
SCN8A	Autism Spectrum Disorder	autism known	Existing	Existing	Existing
KCND3	Autism Spectrum Disorder	ID known	Existing	Existing	Hypothesized
TUBB3	Autism Spectrum Disorder	autism known	Hypothesized	Existing	Hypothesized
HIVEP2	Autism Spectrum Disorder	autism known	Existing	Existing	Hypothesized
ZMYND8	Autism Spectrum Disorder	autism known	Existing	Existing	Hypothesized
USP7	Autism Spectrum Disorder	autism known	Established	Established	Hypothesized
FBXO11	Autism Spectrum Disorder	autism known	Existing	Established	Hypothesized
YLPM1	Autism Spectrum Disorder	novel candidate	Hypothesized	Hypothesized	Hypothesized
CNOT1	Autism Spectrum Disorder	autism known	Existing	Existing	Existing
ZBTB34	Autism Spectrum Disorder	novel candidate	Novel	Novel	Hypothesized
PPP2CA	Autism Spectrum Disorder	autism known	Existing	Established	Hypothesized
KCNA2	Autism Spectrum Disorder	autism known	Existing	Existing	Hypothesized
ZNF536	Autism Spectrum Disorder	autism candidate	Existing	Existing	Hypothesized
DHDDS	Autism Spectrum Disorder	autism known	Existing	Existing	Hypothesized
PPP2R1A	Autism Spectrum Disorder	ID known	Existing	Existing	Hypothesized
H1-4	Autism Spectrum Disorder	autism known	Existing	Established	Hypothesized
REV3L	Autism Spectrum Disorder	autism candidate	Hypothesized	Hypothesized	Hypothesized
SETD2	Autism Spectrum Disorder	autism known	Established	Established	Existing
DSCAM	Autism Spectrum Disorder	autism candidate	Existing	Established	Hypothesized
XPO1	Autism Spectrum Disorder	autism known	Existing	Existing	Hypothesized
NR4A2	Autism Spectrum Disorder	autism known	Existing	Existing	Existing
ZFHX3	Autism Spectrum Disorder	autism known	Existing	Existing	Hypothesized
ITSN1	Autism Spectrum Disorder	autism candidate	Established	Established	Hypothesized
SCAF1	Autism Spectrum Disorder	autism candidate	Existing	Existing	Hypothesized
ARID1A	Autism Spectrum Disorder	ID known	Existing	Existing	Hypothesized
EP400	Autism Spectrum Disorder	autism candidate	Existing	Existing	Hypothesized
MTOR	Autism Spectrum Disorder	autism known	Existing	Hypothesized	Hypothesized
EMC7	Autism Spectrum Disorder	novel candidate	Novel	Novel	Novel
LMTK3	Autism Spectrum Disorder	autism candidate	Hypothesized	Hypothesized	Novel
PHF12	Autism Spectrum Disorder	autism known	Novel	Novel	Hypothesized
EGR3	Autism Spectrum Disorder	autism candidate	Hypothesized	Hypothesized	Hypothesized
NRXN3	Autism Spectrum Disorder	autism candidate	Existing	Existing	Hypothesized
GNB1	Autism Spectrum Disorder	autism known	Existing	Existing	Existing
NCKAP1	Autism Spectrum Disorder	autism known	Established	Established	Existing
PTK2	Autism Spectrum Disorder	novel candidate	Hypothesized	Hypothesized	Hypothesized
KANSL1	Autism Spectrum Disorder	autism known	Existing	Existing	Hypothesized
SMARCB1	Autism Spectrum Disorder	ID known	Existing	Existing	Existing
PSMC5	Autism Spectrum Disorder	autism known	Existing	Existing	Hypothesized
PCLO	Autism Spectrum Disorder	autism candidate	Existing	Existing	Existing
RAB14	Autism Spectrum Disorder	autism candidate	Novel	Novel	Hypothesized
KBTBD6	Autism Spectrum Disorder	novel candidate	Novel	Novel	Novel
NFIB	Autism Spectrum Disorder	autism known	Existing	Established	Hypothesized
YY1	Autism Spectrum Disorder	ID known	Existing	Existing	Hypothesized
MAGEL2	Autism Spectrum Disorder	autism known	Established	Established	Hypothesized
MAF	Autism Spectrum Disorder	autism known	Existing	Existing	Novel
ATP2B2	Autism Spectrum Disorder	autism known	Existing	Existing	Hypothesized
PTPRT	Autism Spectrum Disorder	autism candidate	Hypothesized	Hypothesized	Existing
MAP1A	Autism Spectrum Disorder	autism candidate	Existing	Existing	Hypothesized
SYT1	Autism Spectrum Disorder	autism known	Existing	Existing	Existing
CGREF1	Autism Spectrum Disorder	novel candidate	Hypothesized	Novel	Hypothesized
CAMK2A	Autism Spectrum Disorder	autism known	Existing	Existing	Hypothesized
GSE1	Autism Spectrum Disorder	autism candidate	Existing	Existing	Hypothesized
LEMD3	Autism Spectrum Disorder	novel candidate	Hypothesized	Novel	Hypothesized
GABBR2	Autism Spectrum Disorder	autism known	Existing	Existing	Existing
TLE3	Autism Spectrum Disorder	autism candidate	Hypothesized	Existing	Hypothesized
JARID2	Autism Spectrum Disorder	autism known	Existing	Established	Existing
UBR5	Autism Spectrum Disorder	autism known	Established	Established	Hypothesized
KMT2D	Autism Spectrum Disorder	autism known	Existing	Existing	Existing
CHAMP1	Autism Spectrum Disorder	autism known	Established	Established	Hypothesized
EFTUD2	Autism Spectrum Disorder	ID known	Existing	Existing	Hypothesized
ADGRB1	Autism Spectrum Disorder	autism candidate	Existing	Existing	Hypothesized
PTCH1	Autism Spectrum Disorder	ID known	Existing	Existing	Hypothesized
LRRC4	Autism Spectrum Disorder	autism candidate	Existing	Existing	Hypothesized
GSK3B	Autism Spectrum Disorder	autism known	Existing	Existing	Existing
CAPRIN1	Autism Spectrum Disorder	autism known	Established	Established	Existing
TRIM8	Autism Spectrum Disorder	autism known	Hypothesized	Existing	Hypothesized
HNRNPD	Autism Spectrum Disorder	autism known	Hypothesized	Hypothesized	Hypothesized
FBXW7	Autism Spectrum Disorder	ID known	Existing	Existing	Hypothesized
MEIS2	Autism Spectrum Disorder	autism known	Existing	Established	Existing
ZBTB7A	Autism Spectrum Disorder	ID known	Existing	Existing	Hypothesized
RALGAPB	Autism Spectrum Disorder	autism candidate	Existing	Existing	Hypothesized
PSMD12	Autism Spectrum Disorder	autism known	Existing	Established	Hypothesized
SLTM	Autism Spectrum Disorder	novel candidate	Novel	Novel	Hypothesized
BCR	Autism Spectrum Disorder	novel candidate	Hypothesized	Hypothesized	Hypothesized
TOP3B	Autism Spectrum Disorder	autism candidate	Existing	Existing	Hypothesized
GNAI1	Autism Spectrum Disorder	autism known	Existing	Existing	Hypothesized
TRAF7	Autism Spectrum Disorder	autism known	Hypothesized	Existing	Hypothesized
SPPL3	Autism Spectrum Disorder	novel candidate	Existing	Existing	Hypothesized
ACTG1	Autism Spectrum Disorder	ID known	Existing	Existing	Hypothesized
SRSF1	Autism Spectrum Disorder	ID known	Existing	Existing	Hypothesized
GABRA4	Autism Spectrum Disorder	autism candidate	Existing	Existing	Hypothesized
NACC1	Autism Spectrum Disorder	ID known	Existing	Existing	Hypothesized
CERT1	Autism Spectrum Disorder	autism known	Existing	Existing	Hypothesized
RANBP2	Autism Spectrum Disorder	ID known	Hypothesized	Hypothesized	Hypothesized
DIP2C	Autism Spectrum Disorder	autism known	Existing	Existing	Hypothesized
ZBTB18	Autism Spectrum Disorder	ID known	Existing	Existing	Hypothesized
GNAO1	Autism Spectrum Disorder	ID known	Existing	Existing	Hypothesized
PPM1D	Autism Spectrum Disorder	autism known	Established	Established	Hypothesized
HSF2	Autism Spectrum Disorder	autism candidate	Hypothesized	Hypothesized	Novel
KIF1A	Autism Spectrum Disorder	autism known	Existing	Existing	Hypothesized
ZNF644	Autism Spectrum Disorder	autism candidate	Existing	Existing	Hypothesized
ZCCHC14	Autism Spectrum Disorder	novel candidate	Novel	Novel	Hypothesized
PLXNA1	Autism Spectrum Disorder	autism candidate	Hypothesized	Hypothesized	Hypothesized
BRD1	Autism Spectrum Disorder	autism candidate	Existing	Existing	Hypothesized
MAPK8IP3	Autism Spectrum Disorder	autism known	Existing	Existing	Hypothesized
CXXC1	Autism Spectrum Disorder	novel candidate	Novel	Novel	Novel
INTS6	Autism Spectrum Disorder	autism known	Existing	Existing	Hypothesized
TAF4	Autism Spectrum Disorder	ID known	Existing	Existing	Hypothesized
MAP1B	Autism Spectrum Disorder	ID known	Existing	Existing	Existing
PHF2	Autism Spectrum Disorder	autism candidate	Hypothesized	Hypothesized	Hypothesized
CELF4	Autism Spectrum Disorder	autism known	Existing	Existing	Hypothesized
EXT1	Autism Spectrum Disorder	autism candidate	Existing	Existing	Hypothesized
BAZ2A	Autism Spectrum Disorder	autism candidate	Hypothesized	Hypothesized	Novel
MKX	Autism Spectrum Disorder	novel candidate	Hypothesized	Hypothesized	Hypothesized
GRIK3	Autism Spectrum Disorder	novel candidate	Existing	Existing	Hypothesized
BCAT1	Autism Spectrum Disorder	novel candidate	Hypothesized	Hypothesized	Hypothesized
