arm	group	verdict	n
abstracts	GWAS, gene in body only	Novel	12
abstracts	GWAS, gene in body only	Hypothesized	7
abstracts	GWAS, gene in body only	Existing	1
abstracts	GWAS, gene in body only	Established	0
abstracts	negative control	Novel	17
abstracts	negative control	Hypothesized	3
abstracts	negative control	Existing	0
abstracts	negative control	Established	0
fulltext	GWAS, gene in body only	Novel	0
fulltext	GWAS, gene in body only	Hypothesized	2
fulltext	GWAS, gene in body only	Existing	18
fulltext	GWAS, gene in body only	Established	0
fulltext	negative control	Novel	17
fulltext	negative control	Hypothesized	3
fulltext	negative control	Existing	0
fulltext	negative control	Established	0
