score	lo	hi	value	metric	p_pesto_vs_prior	p_pesto_vs_titles
lit_score	0.8253933336301064	1	0.9237580251718999	ap	1.99990000499975e-4	0.12184390780460977
titles	0.7472275789570582	0.9824899696910478	0.8755644708568336	ap	1.99990000499975e-4	0.12184390780460977
knowledge	0.666475946515807	0.9289864294092318	0.7965141507265266	ap	1.99990000499975e-4	0.12184390780460977
found_specific	0.4620309567285374	0.737846757974635	0.5870698924731182	ap	1.99990000499975e-4	0.12184390780460977
found_general	0.27186472122203575	0.4853137319599348	0.3591087286502544	ap	1.99990000499975e-4	0.12184390780460977
lit_score	0.8928531746031747	1	0.955625	auc	1.4999250037498125e-4	0.1512924353782311
titles	0.852399937460913	0.9848484848484849	0.9278125	auc	1.4999250037498125e-4	0.1512924353782311
knowledge	0.7365381618107769	0.9236160714285714	0.8334375	auc	1.4999250037498125e-4	0.1512924353782311
found_specific	0.5377562558740602	0.7501613435519457	0.649375	auc	1.4999250037498125e-4	0.1512924353782311
found_general	0.11554166666666668	0.31363643292682925	0.20625	auc	1.4999250037498125e-4	0.1512924353782311
