gene	phenotype	set	lit_mean	lit_argmax	p_established	p_existing	p_hypothesized	p_novel	open_targets_verdict	open_targets_max_score	found	read	cached	arm	fingerprint	justification	error
AMY2B	schizophrenia	random50	Novel	Novel	0.0	1.0	4.0	95.0	Novel	0.0	51.0	12.0	False	current	ff136250f372	"None of the provided articles mention schizophrenia or any psychiatric phenotype. The literature on AMY2B concerns amylase copy number variation, starch digestion, obesity/BMI, serum amylase levels, type 2 diabetes-associated ESRD, dog domestication, and mouse alcohol-sensitivity strains. The only neurodevelopmental co-mention (PMID 11251998) is a 1p deletion patient with mental retardation, where the authors explicitly state AMY2B haploinsufficiency does not contribute to the phenotype, and the deletion spans many genes. There is thus no evidence, genetic or biological, linking AMY2B variation or function to schizophrenia, making ""Novel"" the appropriate designation."	
AOC3	Autism Spectrum Disorder	random50	Novel	Novel	0.0	2.0	13.0	85.0	Novel	0.0	47.0	20.0	False	current	ff136250f372	None of the provided articles mention Autism Spectrum Disorder at all. The literature set concerns AOC3/VAP-1/SSAO in vascular inflammation, diabetes and its microvascular complications, liver disease, inflammatory bowel disease, rheumatoid arthritis, cancer, and neurodegenerative/cerebrovascular conditions (Alzheimer's disease, vascular dementia, stroke). No human genetic variant study, association study, or proband/family report links AOC3 to autism, so Established and Existing are unsupported. A weak, indirect biological rationale could be argued from AOC3's roles in neuroinflammation, oxidative stress, and leukocyte trafficking in the CNS, which grants a small probability to Hypothesized, but these papers do not connect that biology to autism. Therefore the relationship is best described as Novel.	
AMY2B	Autism Spectrum Disorder	random50	Novel	Novel	1.0	2.0	7.0	90.0	Novel	0.0	51.0	14.0	False	current	ff136250f372	None of the provided articles addresses Autism Spectrum Disorder. The literature on AMY2B concerns amylase copy number variation and starch digestion, serum amylase levels, obesity/BMI, type 2 diabetes-associated ESRD, dog domestication, and mouse alcohol-sensitivity strains. The only neurodevelopmental mention (PMID 11251998) is a large 1p21-22 deletion/1p36 inversion case with intellectual disability, where the authors explicitly state AMY2B haploinsufficiency does not appear to contribute to the phenotype, and no autism diagnosis is reported. There are no human studies of AMY2B variants in autism probands or families, and no biologically motivated pathway link to ASD, so co-mentions are incidental.	
AOC3	schizophrenia	random50	Novel	Novel	1.0	4.0	33.0	62.0	Novel	0.0	34.0	17.0	False	current	ff136250f372	None of the provided articles mention schizophrenia at all; the literature set is dominated by AOC3/VAP-1 (SSAO) biology in inflammation, leukocyte trafficking, adipose tissue, diabetes, colitis, rheumatoid arthritis, and enzymology. There are no human genetic association or variant studies linking AOC3 to schizophrenia, so Established and Existing are essentially unsupported. Weak indirect biological plausibility exists because AOC3 is a copper amine oxidase that oxidizes primary amines including dopamine and methylamine, and AOC3 levels change with dopamine replacement therapy in Parkinson's disease (PMIDs 22238597, 42401611), which could support a speculative monoamine/neuroinflammation link. However, these are co-mentions of neurotransmitter biology rather than any schizophrenia-relevant evidence, so the weight falls mostly on Novel with some allowance for Hypothesized.	
ARHGAP18	schizophrenia	random50	Existing	Existing	15.0	72.0	11.0	2.0	Hypothesized	0.241986887436526	20.0	10.0	False	current	ff136250f372	"Two human genetic studies report direct association: an imaging-genetics genome-wide screen using DLPFC BOLD activation as a quantitative phenotype that identified ARHGAP18 SNPs and corroborated the case–control distribution in an independent sample (PMID 19065146), and a Chinese Han case–control study of >2000 subjects with a validation cohort reporting SNPs rs7758025/rs9483050 (PMID 28384650). A review (PMID 20600988) restates these findings and places ARHGAP18 in neurodevelopmental gene networks, which is background/citation rather than independent evidence. The remaining articles concern endothelial, aortic, corneal, and YAP/RhoC biology, or unrelated vasculitis genetics, and do not bear on schizophrenia. Because the association rests essentially on modest, ethnicity-specific cohorts with limited independent replication and no confirmation in large psychiatric GWAS, the evidence supports ""Existing"" rather than ""Established."""	
ARHGAP18	Autism Spectrum Disorder	random50	Hypothesized	Hypothesized	1.0	6.0	55.0	38.0	Hypothesized	0.3105138151306746	22.0	13.0	False	current	ff136250f372	None of the provided articles studies Autism Spectrum Disorder directly; there are no ASD cohorts, probands, or families reporting ARHGAP18 variants, so Established and Existing are effectively unsupported. The strongest neuro-relevant human data are association of ARHGAP18 SNPs with schizophrenia in Han Chinese and in imaging-genetics GWAS using DLPFC activation (PMIDs 28384650, 19065146, 20600988), plus differential methylation/expression in monozygotic twins discordant for IQ (PMID 23082141) — these implicate the gene in neurodevelopment and cognition, phenotypes adjacent to but not equivalent to ASD. The remainder of the literature concerns endothelial senescence, aortic disease, microtubule stability, YAP signalling and tumorigenesis, i.e., non-neural biology (PMIDs 28251925, 24334613, 32013974, 25778702). This supports a plausible biological/pathway rationale (RhoGTPase regulation, cortical progenitor proliferation and migration) rather than direct genetic evidence, so Hypothesized receives the most weight, with substantial probability remaining for Novel given the absence of any ASD-specific mention.	
ANKFN1	Autism Spectrum Disorder	random50	Hypothesized	Novel	1.0	4.0	42.0	53.0	Hypothesized	0.3966208860015177	11.0	2.0	False	current	ff136250f372	"Neither provided article involves human subjects or autism spectrum disorder; both are zebrafish studies (with reference to mouse and Drosophila homologs) examining ciliary and vestibular functions of Ankfn1. No patient variants, probands, or families are reported, so Established and Existing are effectively excluded. The mouse null showing ""vestibular and neurological abnormalities"" and Drosophila sensorimotor deficits provide only a tenuous, non-specific neurobiological rationale that could weakly support a hypothesized link, but there is no ASD-relevant phenotype measurement or pathway argument. Consequently the evidence base is best described as Novel, with some weight retained for Hypothesized given the neurological/sensorimotor animal-model findings."	
ANKFN1	schizophrenia	random50	Hypothesized	Novel	1.0	28.0	22.0	49.0	Hypothesized	0.3966208860015177	11.0	3.0	False	current	ff136250f372	"No article in this set reports variants in ANKFN1 in schizophrenia patients, so Established is untenable (no PMIDs demonstrate probands or families with causal variants). The only human genetic study (PMID 21668797) is a GWAS of DSM-IV cannabis dependence in which ANKFN1 SNPs gave the top, sub-genome-wide-significant signals; cannabis dependence is an environmental risk factor associated with psychosis, which gives weak, indirect support for ""Existing,"" but the association is neither schizophrenia itself nor statistically definitive. The remaining papers (PMIDs 35100349, 36533556) are zebrafish/Drosophila/mouse studies of vestibular and ciliary function; they show neurological roles for Ankfn1 but do not link it to schizophrenia biology in a specific way, providing only a thin basis for ""Hypothesized."" Overall, the co-mentions are largely incidental, so Novel receives the largest share with meaningful weight also on Existing and Hypothesized."	
BHMT2	Autism Spectrum Disorder	random50	Novel	Novel	1.0	6.0	33.0	60.0	Hypothesized	0.5409211817593593	29.0	20.0	False	current	ff136250f372	None of the supplied articles mention autism spectrum disorder at all; they concern BHMT/BHMT2 in homocysteine/betaine one-carbon metabolism, congenital heart defects, orofacial clefts, spina bifida, fatty liver, celiac disease, and cancer. No human study reports BHMT2 variants in autism probands or families, so neither Established nor Existing can be supported. The only conceivable basis for a relationship is indirect pathway biology: BHMT2 participates in folate/methionine remethylation and methylation capacity, processes sometimes invoked in ASD risk (PMIDs 18457970, 21093336, 39062651, 26612412), which gives modest weight to Hypothesized. However, since none of these papers connect this biology to autism even speculatively, the co-mentions are effectively incidental and Novel is the most probable classification.	
C1QL4	schizophrenia	random50	Novel	Novel	1.0	4.0	25.0	70.0	Hypothesized	0.2136364124189007	3.0	1.0	False	current	ff136250f372	The only provided article (PMID 27734226) is an in vitro/chick embryo study of C1QL1 and C1QL4 proteins promoting angiogenesis in endothelial cells via ERK1/2 signaling; schizophrenia is never mentioned. There are no human genetic association studies, no probands or families, and no variants linked to schizophrenia, so Established and Existing cannot be supported. A weak biological rationale exists only indirectly, since C1QL proteins are highly expressed in brain and signal through BAI3 (ADGRB3), an adhesion GPCR involved in synapse formation, which could motivate a hypothesis; however, this abstract focuses on non-neural angiogenesis. Given the absence of any schizophrenia-relevant data, the relationship is best described as Novel, with modest weight retained for Hypothesized.	
C1QL4	Autism Spectrum Disorder	random50	Novel	Novel	1.0	4.0	35.0	60.0	Hypothesized	0.2136364124189007	3.0	1.0	False	current	ff136250f372	The only provided article concerns C1QL1/C1QL4 (CTRP11) promoting angiogenesis in endothelial cells via ERK1/2 signaling, an in vitro and chick membrane study with no reference to autism spectrum disorder or any neurodevelopmental phenotype. No human genetic variants, probands, or families linking C1QL4 to ASD are reported anywhere in this list, so Established and Existing are effectively unsupported. A modest amount of weight goes to Hypothesized because the abstract notes C1QL proteins are highly expressed in brain and act through BAI3/ADGRB3, an adhesion GPCR implicated in synapse formation and neurodevelopmental risk, offering a plausible biological pathway. However, since this connection is not made in the literature provided and the study's focus is vascular biology, the co-mention with ASD is incidental, favoring Novel.	
C1QTNF2	schizophrenia	random50	Novel	Novel	0.0	2.0	6.0	92.0	Novel	0.0	11.0	8.0	False	current	ff136250f372	"None of the provided articles mention schizophrenia or any neuropsychiatric phenotype. The literature on C1QTNF2 (CTRP2) here concerns hepatic fibrosis, osteoarthritis inflammation, COPD/lung cancer biomarkers, coronary artery disease, PCOS metabolism, and adipokine/immunometabolic biology. Several hits (e.g., the HCC lncRNA paper) reference ""CTRP2.0"", a drug-sensitivity database acronym, not the gene. There is no human genetic association, no variant data, and no biological pathway argument linking C1QTNF2 to schizophrenia, so the relationship is best described as Novel."	
C1QTNF2	Autism Spectrum Disorder	random50	Novel	Novel	0.0	1.0	4.0	95.0	Novel	0.0	11.0	8.0	False	current	ff136250f372	None of the provided articles address Autism Spectrum Disorder in any way; they concern hepatic fibrosis, osteoarthritis, COPD/lung cancer, coronary artery disease, PCOS, hepatocellular carcinoma, and general CTRP family metabolism/immunity biology. No human genetic variant studies linking C1QTNF2 to autism or any autism-related precursor phenotype are present, so neither Established nor Existing can be supported. There is also no expression, pathway, or animal-model evidence connecting C1QTNF2 biology to neurodevelopment or autism, leaving little basis even for Hypothesized. The co-mentions here are incidental (some are homonym-like usages such as the CTRP2.0 drug-sensitivity database), consistent with a Novel classification.	
BHMT2	schizophrenia	random50	Novel	Novel	1.0	3.0	16.0	80.0	Hypothesized	0.5409211817593593	32.0	12.0	False	current	ff136250f372	"None of the supplied articles mention schizophrenia or any psychiatric phenotype; they concern congenital heart disease, orofacial clefts, hyperhomocysteinemia, fatty liver disease, hypertension in rats, and molecular/evolutionary characterization of BHMT/BHMT2. There is therefore no clinical genetic study linking BHMT2 variants to schizophrenia, and no candidate for an ""Established"" or ""Existing"" designation. A weak indirect biological rationale exists because BHMT2 participates in homocysteine remethylation and one-carbon/folate metabolism, a pathway (e.g., MTHFR, homocysteine) that has been broadly implicated in schizophrenia risk, which justifies a modest allocation to ""Hypothesized."" However, since no provided paper makes that connection explicitly, the evidence best supports ""Novel."""	
CD79A	schizophrenia	random50	Novel	Novel	0.0	1.0	4.0	95.0	Hypothesized	0.0514369998481542	91.0	15.0	False	current	ff136250f372	All provided articles concerning CD79A relate exclusively to B-cell receptor biology, autosomal recessive agammaglobulinemia, and B-cell lymphomas (PMIDs 39215847, 24481606, 11920841, 31696364, 38683392, 21275949, 23378931), with no mention of schizophrenia or any neuropsychiatric phenotype. The only paper mentioning schizophrenia (PMID 35624318) concerns ARHGAP10/GRAF2 autoantibodies and links that unrelated gene, not CD79A, to psychiatric symptoms; this is an incidental co-mention within the search set. No human genetic, expression, pathway, or animal-model evidence connects CD79A variation to schizophrenia in this corpus. Therefore the relationship is best classified as Novel, with only minimal residual probability for a hypothesized immune/neuroinflammation rationale.	
CD79A	Autism Spectrum Disorder	random50	Novel	Novel	1.0	2.0	12.0	85.0	Hypothesized	0.0503389261232497	82.0	20.0	False	current	ff136250f372	"All CD79A-specific articles concern B-cell receptor signaling in lymphoma (PMIDs 20054396, 29925955, 38203179, 38630892, 21275949) or autosomal recessive agammaglobulinemia/inborn errors of immunity (PMIDs 24481606, 11920841, 31696364, 38683392, 39215847); none report autism phenotypes or ASD-associated variants. The autism-related items (MMR/enterocolitis paper, Tourette immune review, White-Sutton/POGZ case) do not involve CD79A, and the POGZ case implicates a different gene entirely. The only conceivable link is the generic ""immune dysfunction in neurodevelopmental disorders"" narrative, which mentions B-cell/humoral immunity but never CD79A specifically, providing at most a weak, non-gene-specific rationale. There are no human genetic studies, expression studies in brain, or animal models tying CD79A to ASD, so the co-mentions appear incidental."	
CEACAM4	Autism Spectrum Disorder	random50	Novel	Novel	0.0	3.0	7.0	90.0	Novel	0.0	8.0	0.0	False	current	ff136250f372	No articles were provided linking CEACAM4 to Autism Spectrum Disorder, so there is no evidence of causal variants, association studies, or even biologically plausible mechanistic links. CEACAM4 is a carcinoembryonic antigen-related cell adhesion molecule expressed mainly in granulocytes with immune-related functions, and no neurodevelopmental role has been documented here. Without any supporting literature, the relationship must be considered novel. Small residual probability is retained for the possibility of unretrieved reports (e.g., cell adhesion molecule family involvement in autism) that could support a hypothesized or existing classification.	
CETN1	schizophrenia	random50	Novel	Novel	0.0	1.0	4.0	95.0	Novel	0.0	24.0	10.0	False	current	ff136250f372	None of the provided articles mention schizophrenia or any neuropsychiatric phenotype. The CETN1 literature here concerns centrin biochemistry and calcium binding (PMIDs 23346931, 17089211, 29037133), centrosome/parasite biology (34114596, 36009009), breast cancer (25261648, 26202054), and male infertility/spermatogenesis (36048845, 36892570), plus a mouse mutagenesis method paper (24284873). There is no genetic association, expression, pathway, or animal model evidence linking CETN1 to schizophrenia. At most, one could imagine a very weak indirect ciliary/centrosome-signaling rationale, but this is not stated in any article, so the relationship is best classified as Novel.	
CGRRF1	schizophrenia	random50	Novel	Novel	0.0	1.0	3.0	96.0	Novel	0.0	4.0	3.0	False	current	ff136250f372	None of the provided articles address schizophrenia in any way. The CGRRF1 literature here concerns breast cancer growth suppression and EGFR ubiquitination (PMID 31801577), metformin response in obese endometrium (PMID 24680596), and a rare-variant association with age-related macular degeneration in an Amish cohort (PMID 31367973) — none of which are precursors, subtypes, or mechanisms of schizophrenia. There is no genetic, expression, pathway, or animal-model evidence linking CGRRF1 to psychiatric phenotypes in this set. Therefore the gene–phenotype relationship is best described as Novel.	
CGRRF1	Autism Spectrum Disorder	random50	Novel	Novel	0.0	1.0	4.0	95.0	Novel	0.0	4.0	3.0	False	current	ff136250f372	None of the provided articles address Autism Spectrum Disorder. The CGRRF1 literature here concerns its role as a RING-domain E3 ubiquitin ligase and growth suppressor in breast and endometrial cancer (PMIDs 31801577, 24680596), and a single exome-chip association with age-related macular degeneration in the Amish (PMID 31367973), a phenotype unrelated to ASD. There are no human genetic studies, expression data, pathway analyses, or animal models linking CGRRF1 to neurodevelopment or autism. Therefore the relationship is best classified as Novel, with only a residual possibility that generic ubiquitin-ligase/ERAD biology could be argued as a weak hypothesized mechanism.	
CETN1	Autism Spectrum Disorder	random50	Novel	Novel	0.0	2.0	13.0	85.0	Novel	0.0	23.0	11.0	False	current	ff136250f372	"None of the provided articles mention autism spectrum disorder or any neurodevelopmental phenotype. The literature on CETN1 concerns centrin biochemistry and calcium binding (PMIDs 23346931, 17089211, 29037133, 26779587), centrosome/SFI1 interactions in parasites (34114596, 36009009), breast cancer expression (25261648, 26202054), and male infertility/spermatogenesis variants (36048845, 36892570). No human genetic or functional study links CETN1 variants to autism, so ""Established"" and ""Existing"" are unsupported. A small allowance is given to ""Hypothesized"" only because centriole/cilia biology is broadly relevant to neurodevelopment, but no article makes this connection explicitly."	
CEACAM4	schizophrenia	random50	Novel	Novel	0.0	3.0	7.0	90.0	Hypothesized	0.0739159709369403	8.0	0.0	False	current	ff136250f372	No articles were provided linking CEACAM4 to schizophrenia, so there is no evidence of variant-level association, functional/expression data, or biological pathway involvement. CEACAM4 is a carcinoembryonic antigen-related cell adhesion molecule primarily studied in granulocyte/immune contexts, with no documented neuropsychiatric role in the supplied literature. Without any human genetic study or even mechanistic hypothesis in the record, the relationship must be considered unsupported. A small residual probability is retained in case unlisted immune-related or GWAS-adjacent findings exist.	
CWF19L2	schizophrenia	random50	Novel	Novel	0.0	3.0	7.0	90.0	Hypothesized	0.2362577191117457	3.0	0.0	False	current	ff136250f372	"No articles were provided, so there is no literature evidence linking CWF19L2 variants or biology to schizophrenia. Without any titles or abstracts, no causal, associative, or mechanistic claims can be substantiated. CWF19L2 is a spliceosome-related gene with no well-known established schizophrenia association in this evidence set. The absence of any supporting citations makes ""Novel"" by far the most likely correct category, with a small residual chance that unsampled GWAS or expression literature exists."	
CWF19L2	Autism Spectrum Disorder	random50	Novel	Novel	0.0	1.0	3.0	96.0	Hypothesized	0.3088444159808054	3.0	1.0	False	current	ff136250f372	The single provided article (PMID: 18398821) is a breast cancer genomics study in which CWF19L2 is merely listed among genes harboring germline SNPs associated with 16q deletion; it makes no mention of Autism Spectrum Disorder. There is no clinical, genetic, expression, pathway, or animal-model evidence linking CWF19L2 to autism in this literature set. No probands, families, or de novo variants relating the gene to ASD are reported. Therefore the evidence base supports a Novel classification, with only a negligible possibility that unlisted evidence exists.	
DGKE	schizophrenia	random50	Novel	Novel	1.0	4.0	27.0	68.0	Novel	0.0	63.0	20.0	False	current	ff136250f372	"All articles that mention schizophrenia concern other diacylglycerol kinase isoforms (DGKδ, DGKη, DGKα) in mouse knockouts, in vitro binding studies, or pharmacology (ritanserin), not DGKE/diacylglycerol kinase epsilon (PMIDs 31891772, 33599293, 36528254, 27974147, 32134507). Every DGKE-specific article describes recessive variants causing atypical hemolytic uremic syndrome/DGKE nephropathy or thrombotic microangiopathy, with no psychiatric phenotype (PMIDs 23542698, 32386968, 36988693, 27177491, 37456562). There is therefore no human genetic or clinical evidence linking DGKE variants to schizophrenia, precluding ""Established"" or ""Existing"". A modest weight is retained for ""Hypothesized"" because the DGK enzyme family is broadly implicated in monoamine (serotonin/dopamine) transporter regulation and PKC/DAG signaling relevant to psychiatric disease, but this reasoning applies to paralogs rather than DGKE itself, making incidental co-mention (Novel) the most likely correct classification."	
DGKE	Autism Spectrum Disorder	random50	Novel	Novel	1.0	4.0	28.0	67.0	Hypothesized	0.193268417679935	60.0	16.0	False	current	ff136250f372	"The only articles that mention autism concern diacylglycerol kinase δ (DGKδ/DGKD), a different family member that degrades the serotonin transporter via Praja-1 — these are not evidence for DGKE (epsilon) and largely involve mouse/in vitro work (PMIDs 31891772, 32134507, 36528254). All genuine DGKE literature here concerns atypical hemolytic uremic syndrome, membranoproliferative-like glomerular microangiopathy, and renal ischemia/reperfusion injury (PMIDs 23274426, 25854283, 32091318, 32386968, 36988693, 25498910, 35616094), with no autism phenotype reported; one nephropathy cohort mentions unspecified ""coexistent developmental disorders"" without autism-specific ascertainment. No human study reports DGKE variants in autism probands or families, so Established and Existing are essentially unsupported. A small allowance for Hypothesized reflects the general DGK/phosphoinositide-signaling family biology and the serotonergic link demonstrated for the paralog, which could be argued as indirect pathway relevance."	
ELMOD2	Autism Spectrum Disorder	random50	Novel	Novel	0.0	3.0	17.0	80.0	Novel	0.0	5.0	2.0	False	current	ff136250f372	Neither article addresses Autism Spectrum Disorder. PMID 24959202 describes a large de novo 14.56 Mb 4q28.3-31.23 deletion containing eight genes (including ELMOD2) in a child with growth failure and developmental delay; this multigenic CNV cannot implicate ELMOD2 specifically, and autism is not reported. PMID 22558334 concerns mouse Elmod1 (a different gene) causing stereocilia defects and deafness, mentioning ELMOD2 only as a related Arf-GAP in vitro — an animal/biochemical finding unrelated to ASD. There is thus no human variant evidence and only a very weak, indirect biological rationale (small GTPase/actin cytoskeleton signaling in neurodevelopment), leaving the relationship essentially novel with a small allowance for a hypothesized link.	
ELMOD2	schizophrenia	random50	Novel	Novel	0.0	2.0	10.0	88.0	Novel	0.0	5.0	3.0	False	current	ff136250f372	None of the provided articles mention schizophrenia at all. The 4q deletion report (PMID 24959202) describes a multigenic contiguous deletion with malformations and pulmonary hypertension, not schizophrenia, and cannot implicate ELMOD2 specifically. The glioma paper (PMID 40397299) concerns tumor biology, and the Elmod1 mouse study (PMID 22558334) addresses hair cell stereocilia with only an incidental mention of ELMOD2 as an ARF GAP. At best, ELMOD2's role in small GTPase/actin cytoskeleton signaling offers a very weak, indirect neurobiological rationale, so a small share is given to Hypothesized; there is no human genetic association evidence for schizophrenia.	
EGF	schizophrenia	random50	Existing	Existing	6.0	70.0	22.0	2.0	Hypothesized	0.0693080649974426	104.0	20.0	False	current	ff136250f372	"Human genetic association studies of the EGF A61G (rs4444903) polymorphism report a case–control association with schizophrenia in Finnish men (PMID 15129177), and multiple independent samples report a sex-specific effect on age at onset in males (PMIDs 16115648, 16979250), plus a gene–gene interaction with TNFα affecting onset age (PMID 15614591). However, replication for disease risk is inconsistent, with clearly negative case-control studies in Japanese (PMID 15729146) and Korean (PMID 15663953) populations, and a recent review concluding EGF rs4444903 shows no consistent risk association (PMID 42390996). Supporting biology is strong but non-genetic: reduced EGF protein in postmortem prefrontal cortex/striatum and serum (PMID 12192610), altered EGF pathway gene expression in BA46 (PMID 39242583), and mixed serum biomarker findings (PMIDs 32300175, 15993491). This mixture of at least one credible human genetic association plus replicated modifier (age-at-onset) effects, without definitive causal replication, fits ""Existing""; residual probability goes to ""Hypothesized"" given that much of the evidence is expression/biomarker-based."	
EGF	Autism Spectrum Disorder	random50	Existing	Existing	5.0	70.0	24.0	1.0	Hypothesized	0.0645275771644359	98.0	20.0	False	current	ff136250f372	"One human genetic association study (PMID 17626784) reported haplotypic association of EGF SNPs with autism in 252 AGRE trios, which constitutes credible but single, unreplicated variant-level evidence — sufficient for ""Existing"" but not ""Established"". Supporting but non-genetic human evidence includes repeatedly reduced plasma/serum EGF in children and adults with ASD (PMIDs 22937258, 17123472, 23645980, 34062079) and cord blood/maternal immune profiling implicating EGF (PMIDs 39163910, 34987169), plus transcriptomic evidence of diminished EGF signaling in ASD blood (PMID 27862943). These are biomarker/expression findings rather than genetic causation, so a substantial share of probability remains with ""Hypothesized"". Other EGF articles concern breast/endometrial cancer, Alzheimer's, or ADPKD and are irrelevant, while NRG2/NRG3/MEGF10 papers only mention EGF-like domains, not the EGF gene itself."	
ELL	Autism Spectrum Disorder	random50	Hypothesized	Novel	1.0	6.0	38.0	55.0	Hypothesized	0.1460953134078656	129.0	13.0	False	current	ff136250f372	None of the provided articles report ELL variants in autism probands or families; the ELL-specific literature concerns transcription elongation, leukemogenic MLL-ELL fusions, R-loop/replication fork restart, and c-Myc ubiquitination (PMIDs 39119900, 34431785, 27009366, 30227759), all cancer/DNA-biology contexts. The two conference-abstract compilations (27294413, 27454254) merely co-mention autism among hundreds of unrelated abstracts and provide no ELL–ASD data. The YEATS-domain review (35279775) links ENL/AF9/GAS41/YEATS2—not ELL—to neurodevelopmental disorders, and the Alzheimer prioritization study (40215969) implicates ELL in tau/Aβ fly models, a different phenotype. Drosophila work showing dELL (Su(Tpl)) is essential for development and modifies many genes (12096188, 16107725) offers only a very general, non-human developmental rationale. Thus the evidence is at best weakly suggestive biology, with most weight on Novel and secondarily Hypothesized.	
ELL	schizophrenia	random50	Hypothesized	Novel	2.0	17.0	26.0	55.0	Hypothesized	0.1574206690597648	129.0	10.0	False	current	ff136250f372	"Only one article in the list concerns schizophrenia at all (PMID 35976659, ultrarare coding variants and cognitive function in schizophrenia), and its abstract makes no mention of ELL, so it provides no demonstrable gene-specific association; no study reports ELL variants in schizophrenia probands or families. The remaining literature describes ELL's canonical biology as an RNA polymerase II elongation factor and super elongation complex component (PMIDs 30227759, 12096188, 16107725, 39119900), its E3 ligase role toward c-Myc (27009366), and associations with cancer risk loci (23593120) or heparin-induced thrombocytopenia via ICE1 (29934777) — all irrelevant or only distantly relevant to schizophrenia. A weak indirect neuro-link comes from ELL's implication in an Alzheimer disease TWAS/fly model (40215969) and general transcription-elongation/YEATS-domain connections to neurodevelopmental disorders (35279775), which could support a speculative ""hypothesized"" mechanism but not a schizophrenia-specific one. Overall the evidence base is dominated by incidental co-mention, so Novel is most probable, with some weight to Hypothesized given plausible neurodevelopmental transcription-regulation biology."	
EPS8L2	Autism Spectrum Disorder	random50	Novel	Novel	0.0	1.0	6.0	93.0	Hypothesized	0.0562796202713863	14.0	5.0	False	current	ff136250f372	"None of the provided articles mention autism spectrum disorder or any neurodevelopmental phenotype. The human genetic evidence for EPS8L2 concerns autosomal recessive non-syndromic progressive hearing loss (DFNB106) (PMIDs 41514136, 41578500), and the animal work concerns early onset adult deafness in dogs (PMID 35385474). Remaining papers describe cell-biological roles in actin remodeling and nuclear positioning during cell migration (PMIDs 14565974, 33567288), which are generic cytoskeletal functions and not specifically linked to ASD pathogenesis. A small amount of probability is retained for ""Hypothesized"" because actin cytoskeletal regulation is broadly relevant to neuronal morphogenesis, but no article makes this connection. There is no evidence supporting an Established or Existing gene–ASD relationship."	
FAM47E-STBD1	Autism Spectrum Disorder	random50	Novel	Novel	0.0	3.0	7.0	90.0	Novel	0.0	2.0	0.0	False	current	ff136250f372	No articles were provided linking FAM47E-STBD1 to Autism Spectrum Disorder. FAM47E-STBD1 is a readthrough transcript locus most commonly noted in GWAS of Parkinson's disease and bone mineral density, with no evidence in the supplied literature connecting it to autism. Without any human genetic, functional, or biological evidence relevant to ASD, the relationship must be considered unsupported. A small residual probability is retained for the possibility of undiscovered association signals in large ASD GWAS not represented here.	
FAM189B	Autism Spectrum Disorder	random50	Novel	Novel	0.0	3.0	7.0	90.0	Hypothesized	0.1134172595648106	3.0	0.0	False	current	ff136250f372	No articles were provided, so there is no literature evidence linking FAM189B to Autism Spectrum Disorder. Without any titles or abstracts describing variants in patients, functional studies, or pathway relevance, neither Established nor Existing can be supported. A small amount of probability is retained for Hypothesized and Existing since absence of retrieved articles here does not definitively exclude evidence elsewhere, but based on the given input the relationship is best described as Novel.	
FAM189B	schizophrenia	random50	Novel	Novel	0.0	1.0	3.0	96.0	Hypothesized	0.1134172595648106	3.0	1.0	False	current	ff136250f372	The single available article (PMID 30405126) reports a rare-variant burden in FAM189B associated with triglyceride levels in an isolated population, implicating the gene in lipid metabolism rather than any neuropsychiatric phenotype. No study in the list mentions schizophrenia, schizophrenia-related endophenotypes, brain expression, neurodevelopmental pathways, or animal models relevant to psychosis. There is therefore no genetic or biological evidence linking FAM189B to schizophrenia, and the co-mention is essentially absent. This supports a Novel classification.	
FAM47E-STBD1	schizophrenia	random50	Novel	Novel	0.0	5.0	10.0	85.0	Novel	0.0	2.0	0.0	False	current	ff136250f372	No articles were supplied, so there is no retrievable literature linking FAM47E-STBD1 variation or biology to schizophrenia. FAM47E-STBD1 is a readthrough transcript locus best known from GWAS of other traits (e.g., Parkinson's disease and bone/metabolic phenotypes), with no cited schizophrenia genetic findings here. Without any human association study, family/proband data, or functional/pathway evidence relevant to psychosis, neither Established nor Existing can be supported. A small residual probability is retained for Hypothesized/Existing in case unlisted GWAS sub-threshold or expression data exist, but on the evidence provided the relationship is Novel.	
EPS8L2	schizophrenia	random50	Novel	Novel	0.0	1.0	4.0	95.0	Hypothesized	0.1904348883878448	14.0	5.0	False	current	ff136250f372	None of the provided articles mention schizophrenia at all. The literature on EPS8L2 concerns autosomal recessive non-syndromic hearing loss (DFNB106) in humans and dogs, actin cytoskeletal remodeling via the Ras/Rac pathway, and nuclear positioning during cell migration. There is no genetic association, expression, pathway, or animal-model evidence linking EPS8L2 to schizophrenia; the only tenuous biological thread is generic actin/cytoskeletal regulation, which is far too nonspecific to constitute a hypothesized link. Therefore the gene–phenotype relationship is best classified as Novel.	
ERP44	Autism Spectrum Disorder	random50	Hypothesized	Hypothesized	0.0	3.0	67.0	30.0	Hypothesized	0.0501002451010581	25.0	20.0	False	current	ff136250f372	None of the provided articles report ERP44 variants in autism probands or families, nor any genetic association study with ASD, so Established and Existing are effectively excluded. However, there is a plausible biological rationale: ERp44 (with Ero1-Lα) controls disulfide bond formation, oligomerization and trafficking of the serotonin transporter (SERT/SLC6A4), a molecule strongly implicated in autism serotonin dysregulation (PMID 22451649). ERp44 also regulates ER Ca2+ homeostasis via IP3R1 and MAM signaling (PMIDs 22183808, 17132820, 19144519), pathways repeatedly linked to neurodevelopmental disorders. These are mechanistic/in vitro and non-human data rather than patient genetics, supporting a Hypothesized relationship; the remaining weight reflects the possibility that the co-mentions are purely incidental and no ASD-relevant link exists.	
ERP44	schizophrenia	random50	Hypothesized	Novel	1.0	4.0	45.0	50.0	Hypothesized	0.0986905589357345	25.0	20.0	False	current	ff136250f372	None of the provided articles mention schizophrenia, and no human genetic association or variant study linking ERP44 to schizophrenia appears in this set. The literature is dominated by ERp44's role as an ER thiol chaperone in adiponectin multimerization, calcium handling (IP3R, RyR2), and secretory pathway quality control, none of which is presented in a psychiatric context. The only tenuous biological bridge is the report that ERp44/Ero1-Lα regulate maturation and surface trafficking of the serotonin transporter (PMID 22451649), plus general ER–mitochondria/calcium signaling and sigma-1 receptor MAM biology (PMID 19144519), which could support a speculative mechanistic hypothesis relevant to neurotransmission in schizophrenia. Because that link is indirect and in vitro rather than derived from patient variants, points are split mainly between Hypothesized and Novel, with essentially none for Established or Existing.	
FKBPL	Autism Spectrum Disorder	random50	Novel	Novel	0.0	1.0	4.0	95.0	Novel	0.0	32.0	7.0	False	current	ff136250f372	"None of the provided articles mention Autism Spectrum Disorder, neurodevelopment, or brain/neuronal phenotypes. The FKBPL literature here concerns angiogenesis, endothelial function, cardiovascular disease and diabetes, breast cancer/estrogen receptor signaling, preeclampsia, and ER-phagy/protein secretion. There are no human genetic association studies, variants in probands, or animal models linking FKBPL to autism. Consequently there is no logical basis for a gene–phenotype relationship, supporting a ""Novel"" classification, with only a small residual probability that indirect biology (e.g., preeclampsia as a pregnancy-related autism risk factor) could be argued as hypothetical."	
FERD3L	Autism Spectrum Disorder	random50	Hypothesized	Hypothesized	1.0	12.0	47.0	40.0	Hypothesized	0.3190574982647277	14.0	7.0	False	current	ff136250f372	None of the provided articles report autism spectrum disorder in association with FERD3L; ASD is not measured or mentioned in any study. The closest human evidence comes from two contiguous 7p21 microdeletion cases with Saethre-Chotzen syndrome plus learning disability/developmental delay (PMID 22628249, PMID 28220539), where FERD3L is only one of several deleted genes (TWIST1, HDAC9, TWISTNB), so the CNVs cannot single out FERD3L and the phenotype is intellectual disability rather than ASD; by the stated rules these cannot support Established and only weakly support Existing. The remaining human work (PMID 26621503, PMID 30919159) concerns carotid plaque and intracranial aneurysm, unrelated to ASD, and in one case explicitly found no FERD3L expression change. Supporting a Hypothesized rating, FERD3L/Nato3 is a bHLH transcription factor active in CNS neural progenitors and dopaminergic neuron specification (PMIDs 23254923, 31672641) and in astrocyte transcription-factor networks linked to brain disease (PMID 42024736), providing plausible but indirect neurodevelopmental biology; these data are animal/in vitro, so they cannot elevate the category beyond Hypothesized.	
FKBPL	schizophrenia	random50	Novel	Novel	1.0	4.0	20.0	75.0	Novel	0.0	29.0	16.0	False	current	ff136250f372	None of the provided articles mention schizophrenia at all; FKBPL literature focuses on angiogenesis, cancer, cardiovascular disease/diabetes, ER-phagy, male infertility, and age-related macular degeneration. No human genetic study reports FKBPL variants in schizophrenia probands or families, so neither Established nor Existing can be supported. Weak, indirect grounds for a hypothesized link exist only because FKBPL lies in the 6p21.3 MHC region (near NOTCH4, TNXB), a locus broadly implicated in schizophrenia, and because one brain transcriptomic study found FKBPL differentially expressed in cortical tissue relevant to neurodegeneration. These are incidental co-locations rather than evidence of relevance to schizophrenia biology, so the weight falls overwhelmingly on Novel.	
FERD3L	schizophrenia	random50	Hypothesized	Novel	1.0	4.0	40.0	55.0	Hypothesized	0.2324227756744658	14.0	7.0	False	current	ff136250f372	None of the provided articles mentions schizophrenia, and no human genetic study links FERD3L variants to schizophrenia or a recognized schizophrenia precursor. The human reports involving FERD3L concern multigene 7p21 microdeletions with Saethre-Chotzen syndrome and neurodevelopmental delay (PMIDs 22628249, 28220539), which cannot implicate FERD3L specifically, and vascular phenotypes (PMIDs 26621503, 30919159) unrelated to schizophrenia. The only mechanistic thread that could support a hypothesis is that FERD3L/Nato3 drives midbrain dopaminergic neuron differentiation (PMIDs 23254923, 31672641) and is expressed/functional in brain cell types (PMID 42024736), which touches the dopamine hypothesis of schizophrenia only indirectly and in animal/in vitro models. Given the absence of any explicit schizophrenia connection, the evidence is best described as Novel, with some weight to Hypothesized on the basis of dopaminergic/neurodevelopmental biology.	
FZD2	schizophrenia	random50	Novel	Novel	1.0	3.0	26.0	70.0	Hypothesized	0.0634178970963572	59.0	20.0	False	current	ff136250f372	None of the provided articles mention schizophrenia, and no human genetic study links FZD2 variants to schizophrenia or any recognized schizophrenia precursor phenotype. The human variant evidence for FZD2 concerns skeletal disorders (Robinow syndrome, autosomal dominant omodysplasia type 2; PMIDs 35047859, 29383834, 29230162, 41022130), while other papers address cancer, renal and pulmonary fibrosis, and developmental Wnt biology. A modest hypothesized component is warranted because FZD2 mediates canonical and non-canonical Wnt/PCP signaling and is transiently expressed in neural crest–containing regions with a mention of DiGeorge/velo-cardio-facial syndrome loci (PMID 11303904), pathways loosely implicated in neurodevelopmental disease. However, this is indirect and not schizophrenia-specific, so the evidence base is best characterized as novel with some weak biological plausibility.	
FZD2	Autism Spectrum Disorder	random50	Novel	Novel	1.0	4.0	27.0	68.0	Hypothesized	0.0634178970963572	63.0	20.0	False	current	ff136250f372	None of the provided articles report FZD2 variants in individuals with Autism Spectrum Disorder. The human genetic evidence for FZD2 concerns skeletal phenotypes—autosomal dominant omodysplasia and Robinow syndrome (PMIDs 25759469, 29383834, 29230162, 30455931, 29276006, 35047859)—with only one incidental mention of intellectual disability in a single omodysplasia patient, which is not ASD. Remaining papers concern Wnt/PCP signaling in limb, craniofacial, lung, kidney, and cancer contexts (PMIDs 36867021, 36789910, 38967226), none neurodevelopmental/behavioral. A weak hypothetical basis exists because FZD2 is a Wnt/PCP receptor and Wnt signaling is broadly implicated in neurodevelopment (and FZD2 was co-listed with NLGN4 in an unrelated tumor expression study, PMID 15838387), so some probability is assigned to Hypothesized, but the dominant assessment is Novel.	
GREM1	schizophrenia	random50	Hypothesized	Hypothesized	1.0	10.0	81.0	8.0	Hypothesized	0.0504328669702744	74.0	18.0	False	current	ff136250f372	"The only article directly linking GREM1 to schizophrenia is the iPSC study (PMID 31242417), which reports GREM1 upregulation (along with BAMBI and FST) in glial progenitor cells derived from childhood-onset schizophrenia patients, with functional overexpression/knockdown experiments showing impaired astrocytic differentiation. This is expression and mechanistic evidence in patient-derived cells, not a genetic variant association study, so it cannot support ""Established"" or ""Existing"" (no variants in probands or families are reported). All other articles concern GREM1/Gremlin-1 in pancreatic cancer, liver fibrosis, myocarditis, limb/skeletal development, or colorectal cancer predisposition, and are irrelevant to schizophrenia; one schizophrenia-mentioning paper (PMID 34860155) is about CRMP4/Sema3E and only mentions schizophrenia incidentally. Therefore the evidence best fits ""Hypothesized,"" with a small residual probability for ""Existing"" (in case unlisted variant evidence exists) and ""Novel."""	
GREM1	Autism Spectrum Disorder	random50	Novel	Novel	0.0	2.0	10.0	88.0	Hypothesized	0.0667828744193841	74.0	20.0	False	current	ff136250f372	"The retrieved literature splits into two entirely unrelated sets: autism papers concerning sleep-dependent gist/false memory formation using the Deese-Roediger-McDermott (DRM) paradigm (PMIDs 33367905, 30908649, 40121600, 36245220) and GREM1/Gremlin-1 papers on renal fibrosis, pulmonary fibrosis, lung branching morphogenesis, myocarditis, MASH, pancreatic cancer, and skeletal development (PMIDs 12885271, 11290528, 21303853, 38829570, 39196111). The autism-related articles appear to have been retrieved via acronym/keyword overlap (e.g., DRM task, ""gist""/""Grem"" style matches) rather than any mention of GREM1. No study reports GREM1 variants in autistic probands or families, nor any expression, pathway, or animal-model evidence linking GREM1 biology to neurodevelopmental or social phenotypes. The only tangential CNS-related mentions concern craniofacial/limb morphogenesis and BMP antagonism (PMIDs 12435361, 32467233), which do not provide a logical basis for an ASD link. Therefore the relationship is best classified as Novel, with a small allowance for the general relevance of BMP signaling to neurodevelopment."	
HARS2	Autism Spectrum Disorder	random50	Novel	Novel	1.0	6.0	28.0	65.0	Hypothesized	0.4242517766603488	39.0	11.0	False	current	ff136250f372	All human genetic evidence for HARS2 concerns Perrault syndrome (sensorineural hearing loss with ovarian dysgenesis) and non-syndromic hearing impairment (PMIDs 21464306, 31449985, 39062730, 38186093), with no report of autism spectrum disorder in any HARS2 proband. The single abstract mentioning pervasive developmental disorder/repetitive behaviors (PMID 29205794) describes biallelic LARS2 variants, a different gene, and HARS2 is only cited as background. Remaining papers are mechanistic or animal/in vitro work (mouse Hars2 cochlear knockout, cybrid overexpression, cochlear expression profiling), which at most supports a generic mitochondrial-translation/neurodevelopmental biology rationale rather than any ASD-specific link. Because neurologic involvement in mitochondrial aminoacyl-tRNA synthetase disorders is a plausible but unproven route to neurodevelopmental phenotypes, some weight goes to Hypothesized, but the dominant conclusion is Novel.	
HARS2	schizophrenia	random50	Novel	Novel	0.0	2.0	10.0	88.0	Hypothesized	0.4242517766603488	40.0	20.0	False	current	ff136250f372	"None of the provided articles mention schizophrenia or any psychiatric phenotype in connection with HARS2. The literature uniformly links HARS2 to Perrault syndrome, non-syndromic sensorineural hearing loss, primary ovarian insufficiency, and mitochondrial tRNA-His aminoacylation defects, with additional work in mouse cochlear hair cells and one Mendelian randomization study of blood pressure. There are no human genetic association studies, no probands, and no shared mechanistic pathway explicitly proposed for schizophrenia. A small amount of probability is retained for ""Hypothesized"" only because generic mitochondrial dysfunction is sometimes invoked in psychiatric disease, but no article here makes that argument. The evidence therefore best supports ""Novel""."	
LIN9	Autism Spectrum Disorder	random50	Novel	Novel	0.0	2.0	18.0	80.0	Novel	0.0	73.0	20.0	False	current	ff136250f372	All LIN9-specific articles concern cell-cycle regulation, the MuvB/DREAM complex, and cancer biology (taxane resistance, lung adenocarcinoma, ovarian/breast cancer, HPV E7), with no genetic or phenotypic data relating LIN9 to Autism Spectrum Disorder. The two ASD-mentioning papers (a niacin/hypertriglyceridemia pregnancy case report and a general review of de novo mutations in pediatric neurological disease) do not mention LIN9 at all, making the co-mention purely incidental. The only tenuous biological bridge is that DREAM complex assembly is regulated by DYRK1A, a well-known neurodevelopmental/ASD gene, which phosphorylates LIN52 (not LIN9) — this provides a very weak, indirect pathway rationale that justifies a small allocation to Hypothesized. No human variant studies, probands, or families link LIN9 to ASD, so Established is not supportable and Existing is essentially unsupported.	
LIN9	schizophrenia	random50	Novel	Novel	0.0	1.0	4.0	95.0	Novel	0.0	80.0	20.0	False	current	ff136250f372	The provided literature falls into two entirely disjoint sets: schizophrenia papers concerning olanzapine-induced hepatic steatosis, virtual reality cognitive assessment, and soccer as adjunct therapy (PMIDs 31333809, 40842950, 23662058), none of which mention LIN9; and LIN9 papers exclusively focused on cell-cycle regulation via the MuvB/DREAM/B-Myb complexes, taxane resistance in triple-negative breast cancer, hepatocellular carcinoma, lung adenocarcinoma, vascular restenosis, and HPV E7 biology. No article reports LIN9 variants, expression changes, or pathway involvement in schizophrenia or any recognized psychiatric precursor phenotype. There are no human genetic association studies, no family or proband data, and no neurodevelopmental or neuronal functional data linking LIN9 to psychosis. The co-mention is purely incidental, so the relationship is best classified as Novel, with a small residual allowance for speculative cell-cycle/neurodevelopment biology arguments.	
GRHL3	schizophrenia	random50	Existing	Existing	6.0	78.0	13.0	3.0	Novel	0.0	72.0	20.0	False	current	ff136250f372	"Only one human study directly tests GRHL3 variants against schizophrenia: a preliminary Iranian case-control study (PMID 32934953) reporting that the missense variant rs545809A/T increases SCZ risk ~2.3-fold, while rs2486668 showed no association. This is a single, small, unreplicated candidate-gene study with a plausible biological rationale (shared etiology with neural tube defects), which fits ""Existing"" rather than ""Established""—no second independent proband/family cohort confirms causation. The remaining GRHL3 papers concern craniofacial development, neural tube closure, orofacial clefting, and epithelial differentiation (PMIDs 30689861, 36606449, 28697314, 40761126, 26332872), supporting biological plausibility but not schizophrenia genetics. Papers mentioning ""SOM""/""SOM+"" refer to somatostatin interneurons and ""DBZ"", ""VIP"", ""PV"" are homonym acronyms unrelated to GRHL3 and were dismissed."	
LRRC3C	Autism Spectrum Disorder	random50	Novel	Novel	0.0	3.0	7.0	90.0	Hypothesized	0.0587088082026872	4.0	0.0	False	current	ff136250f372	No articles were provided linking LRRC3C to Autism Spectrum Disorder, so there is no evidence of causal variants, association studies, or functional/biological relevance. LRRC3C is a poorly characterized leucine-rich repeat containing gene without established neurodevelopmental literature. In the absence of any supporting publications, the relationship must be considered Novel. A small residual probability is retained for undiscovered evidence not included in this list, such as incidental reports in large exome sequencing datasets.	
GRHL3	Autism Spectrum Disorder	random50	Novel	Novel	1.0	7.0	27.0	65.0	Hypothesized	0.0558741090419406	81.0	20.0	False	current	ff136250f372	None of the provided articles report GRHL3 variants in individuals with Autism Spectrum Disorder. The only autism-titled paper (PMID 15162937) is a computational neural-network modeling study with no gene content and is an incidental co-mention. The GRHL3 literature here concerns orofacial clefting/Van der Woude syndrome, periderm and epidermal differentiation, and neural tube defects (PMIDs 24360809, 30689861, 20589880, 36606449), with one human case-control study linking a GRHL3 missense variant to schizophrenia (PMID 32934953). The schizophrenia and neural tube defect findings provide only a tenuous, indirect neurodevelopmental rationale rather than autism-specific evidence, supporting at most a weakly hypothesized relationship; no established or replicated autism association exists.	
LRRC3C	schizophrenia	random50	Novel	Novel	0.0	3.0	7.0	90.0	Novel	0.0	4.0	0.0	False	current	ff136250f372	No articles were provided linking LRRC3C to schizophrenia or describing its biology in a neuropsychiatric context. Without any literature evidence—genetic, functional, or expression-based—there is no basis to assert causation, association, or even a plausible biological hypothesis. LRRC3C is a poorly characterized leucine-rich repeat family member with no reported schizophrenia variants in probands or families. Accordingly, the evidence best fits the Novel category, with minimal residual probability for undocumented hypothesized or associative findings.	
LITAF	schizophrenia	random50	Novel	Novel	0.0	1.0	4.0	95.0	Hypothesized	0.3425840262109447	129.0	20.0	False	current	ff136250f372	None of the provided articles mention schizophrenia or any psychiatric phenotype. The LITAF literature here concerns Charcot-Marie-Tooth disease type 1C (a peripheral demyelinating neuropathy), endolysosomal membrane repair, pore-forming toxin resistance, cardiac L-type calcium channel/QT regulation, liver lipid trait caQTLs, and cancer/pathogen biology. There is no genetic, expression, pathway, or animal-model evidence linking LITAF variation to schizophrenia in this corpus. At most, tangential neuronal/endolysosomal biology could inspire speculation, but no article provides a logical basis for a schizophrenia connection, so the relationship is best classified as Novel.	
LITAF	Autism Spectrum Disorder	random50	Novel	Novel	0.0	1.0	4.0	95.0	Hypothesized	0.4107391838417102	130.0	20.0	False	current	ff136250f372	All LITAF-related articles concern Charcot-Marie-Tooth disease type 1C, endolysosomal/membrane repair biology, pore-forming toxin resistance, cardiac ion channel regulation, inflammation, and cancer—none address autism spectrum disorder. The single ASD-related paper (PMID 38412857) concerns SCN2A and cerebellar plasticity and does not mention LITAF, making the co-mention purely incidental to the search. No human genetic study, expression study, animal model, or mechanistic pathway links LITAF variants or function to autism. Therefore there is no basis for Established, Existing, or even Hypothesized categories, and the relationship is best classified as Novel.	
MANEAL	Autism Spectrum Disorder	random50	Novel	Novel	0.0	2.0	13.0	85.0	Novel	0.0	3.0	2.0	False	current	ff136250f372	Neither article addresses Autism Spectrum Disorder. PMID 28612835 reports a single consanguineous case with coexisting OSTM1 and MANEAL variants causing an NBIA-like neurodegenerative/oligosaccharide storage phenotype, not autism, and the neurological phenotype is confounded by the OSTM1 defect. PMID 25262641 is a mouse/cell-line gene network study in which Maneal appears as a downstream target of Lrp11 in stress responses—non-human, and only tangentially related to neuropsychiatric biology. There is no human genetic evidence of MANEAL variants associated with ASD, so Established and Existing are not supportable; a small amount of weight goes to Hypothesized because of MANEAL's brain expression and involvement in neurodevelopmental/neurodegenerative phenotypes.	
MANEAL	schizophrenia	random50	Novel	Novel	0.0	2.0	23.0	75.0	Novel	0.0	3.0	2.0	False	current	ff136250f372	"Neither article addresses schizophrenia. PMID 28612835 reports a MANEAL loss-of-function variant in a single consanguineous patient with infantile neurodegeneration and NBIA-like features co-occurring with an OSTM1 splice defect — a different phenotype, and confounded by the second variant. PMID 25262641 is a mouse/cell-line study in which Maneal appears as a downstream target of Lrp11 in a stress-response network; this is non-human, indirect, and stress is not a specific schizophrenia mechanism, so it cannot support ""Existing."" At best, the neuro-expression/neurodegeneration biology gives a very weak hypothetical rationale, but there is no genetic or biological evidence linking MANEAL variants to schizophrenia."	
MAP3K19	Autism Spectrum Disorder	random50	Novel	Novel	0.0	1.0	4.0	95.0	Novel	0.0	58.0	8.0	False	current	ff136250f372	None of the provided articles mention Autism Spectrum Disorder or any neurodevelopmental phenotype in relation to MAP3K19. The literature concerns MAP3K19 in lung biology (COPD, idiopathic pulmonary fibrosis, tuberculosis-induced fibrosis), COVID-19 severity, cancer expression, keratoconus marker panels, and a congenital heart disease variant meta-analysis. There is no genetic, expression, pathway, or animal-model evidence connecting MAP3K19 to autism, and its expression is described as largely restricted to lung/ciliated tissues. Therefore the relationship is best classified as Novel, with only a negligible allowance for indirect biological speculation.	
MAP3K19	schizophrenia	random50	Novel	Novel	0.0	1.0	3.0	96.0	Hypothesized	0.3338720754683819	57.0	8.0	False	current	ff136250f372	None of the provided articles mention schizophrenia or any neuropsychiatric phenotype. MAP3K19 literature is focused on lung biology (COPD, IPF, tuberculosis-induced fibrosis), COVID-19 severity, cancer expression, congenital heart disease candidate gene analysis, and keratoconus genetic markers. There is no genetic, expression, or pathway evidence linking MAP3K19 to schizophrenia, and the gene's expression is described as largely restricted to lung and trachea, arguing against a neuronal mechanism. Therefore the relationship is best classified as Novel, with only minimal probability given to a hypothesized link via generic MAPK stress-response signaling.	
NTPCR	Autism Spectrum Disorder	random50	Novel	Novel	0.0	3.0	7.0	90.0	Novel	0.0	5.0	0.0	False	current	ff136250f372	No articles were provided linking NTPCR (nucleoside triphosphate phosphohydrolase, C1orf57) to Autism Spectrum Disorder. Without any literature evidence—genetic, functional, or expression-based—there is no basis to support an established or existing causal association. NTPCR is a poorly characterized housekeeping-type nucleoside triphosphatase with no documented neurodevelopmental role in the supplied material. Therefore the relationship is best classified as Novel, with a small allowance for undiscovered biological plausibility.	
NTPCR	schizophrenia	random50	Novel	Novel	0.0	2.0	5.0	93.0	Novel	0.0	5.0	0.0	False	current	ff136250f372	No articles were provided linking NTPCR (nucleoside triphosphate phosphohydrolase, C1orf57) to schizophrenia. Without any literature evidence—genetic, expression, or functional—there is no basis to support an established or existing causal association. NTPCR is a poorly characterized housekeeping-type nucleoside triphosphatase with no described neuropsychiatric role. The absence of any co-mention or biological rationale places this relationship in the Novel category.	
NR2F6	schizophrenia	random50	Existing	Existing	2.0	58.0	32.0	8.0	Novel	0.0	36.0	13.0	False	current	ff136250f372	"The only human genetic evidence is PMID 23805179, a GWAS of hippocampal volume — a well-recognized schizophrenia-related intermediate/brain-based phenotype — in a schizophrenia cohort, where six correlated SNPs on 19p13.11 within or near NR2F6 (also USHBP1, BABAM1) showed suggestive association (p ≈ 8×10⁻⁷ to 7×10⁻⁶), with in silico replication, cis-eQTL effects on mRNA expression, and correlation with memory function. This supports ""Existing"" (association with a schizophrenia-linked endophenotype) but not ""Established"": no genome-wide significance, no independent probands/families with NR2F6 variants causing schizophrenia, and the signal cannot be unambiguously attributed to NR2F6 versus neighboring genes. Other retrieved articles concern immunology, oncology, colitis, malaria, cystitis, or lipid/promoter biology and are irrelevant to schizophrenia; only PMID 10506197 offers tangential neurobiological plausibility (EAR2/NR2F6 regulating a glutamate receptor subunit gene, GRIK5), which supports the ""Hypothesized"" tier. Hence weight concentrates on Existing with substantial residual probability on Hypothesized."	
NR2F6	Autism Spectrum Disorder	random50	Hypothesized	Hypothesized	0.0	6.0	52.0	42.0	Hypothesized	0.4618252339835396	42.0	10.0	False	current	ff136250f372	None of the provided articles studies autism spectrum disorder, and no paper reports NR2F6 variants in ASD probands or families, so Established is excluded and Existing is barely supported. The closest human genetic evidence is a suggestive (non-genome-wide-significant) GWAS of hippocampal volume as a schizophrenia-related intermediate phenotype, where SNPs at 19p13.11 lie within/near NR2F6 among neighboring genes (USHBP1, BABAM1) — this is neuropsychiatric but not ASD and not gene-specific (PMID 23805179). Biological plausibility for a neurodevelopmental role comes from NR2F6/EAR2 acting as a transcriptional repressor of the kainate receptor subunit gene GRIK5 in rat brain and from the NR2F family's roles in neurogenesis (PMIDs 10506197, 36722280), supporting a Hypothesized relationship, though this is animal/in vitro work. Remaining papers concern cancer, immunity, or renin regulation and are incidental co-mentions, keeping substantial probability on Novel.	
MIP	Autism Spectrum Disorder	random50	Novel	Novel	1.0	3.0	11.0	85.0	Hypothesized	0.0625591512670731	92.0	20.0	False	current	ff136250f372	"All ASD-related articles in this set use ""MIP"" as a homonym acronym — macrophage inflammatory protein (MIP-1α/MIP-1β chemokines, CCL3/CCL4) in immune/chemokine studies, or ""molecular inversion probes"" (MIP sequencing) in neurodevelopmental disorder gene-panel studies; neither refers to the MIP gene (major intrinsic protein/aquaporin-0). Other homonyms include mitochondrial intermediate peptidase and microtubule inner protein. The genuine MIP gene articles concern autosomal-dominant congenital cataract and lens fiber aquaporin biology, with no link to autism spectrum disorder. There is no human genetic, expression, or mechanistic evidence connecting MIP variants to ASD, so the co-mentions are purely incidental and the relationship is best classified as Novel."	
MIP	schizophrenia	random50	Novel	Novel	0.0	3.0	10.0	87.0	Hypothesized	0.4186195732876299	89.0	20.0	False	current	ff136250f372	"The true MIP gene (major intrinsic protein of lens fiber, aquaporin-0/AQP0) is exclusively linked in this literature to autosomal-dominant congenital cataract (PMIDs 38721506, 32920712, 40868138, 9193450, 9043798), with no mention of schizophrenia. Every article connecting ""MIP"" to schizophrenia uses a homonymous acronym: macrophage inflammatory protein (MIP-1α/MIP-1β/MIP-3α chemokines, i.e., CCL3/CCL4/CCL20; PMIDs 12566931, 9175116, 29730395, 33385633, 36768537, 21266029), methamphetamine-induced psychosis/psychotic disorder (PMIDs 25561956, 30211136, 36429122, 39384625), or MIP-T3 (TRAF3IP1, a DISC1-interacting protein; PMID 18369462, and that work is in C. elegans/zebrafish). After dismissing these homonyms, no evidence remains that variants or biology of the MIP/AQP0 gene influence schizophrenia. Therefore the relationship is best classified as Novel, with only a small residual allowance for an unrecognized biological rationale."	
PIK3R5	Autism Spectrum Disorder	random50	Novel	Novel	1.0	4.0	30.0	65.0	Hypothesized	0.4472325051734248	56.0	20.0	False	current	ff136250f372	None of the provided articles report PIK3R5 variants in individuals with Autism Spectrum Disorder. Human genetic evidence for PIK3R5 concerns ataxia with oculomotor apraxia type 3 (PMID 22065524, 35426160, 27066567), dementia-related neuropathology endophenotypes (PMID 39379761), and oncologic/metabolic contexts, none of which is a recognized precursor or subtype of ASD. The only ASD-related items (the Saudi conference abstract collection PMID 27454254 and the rodent SSRI-exposure study PMID 21905242) do not implicate PIK3R5 at all, making these incidental co-mentions. A modest allocation to Hypothesized is warranted because PIK3R5 encodes a PI3K regulatory subunit within the PI3K/AKT/mTOR signaling axis broadly implicated in neurodevelopment and ASD, and because PIK3R5 loss affects cerebellar development, providing a plausible but indirect biological rationale.	
PROSER3	Autism Spectrum Disorder	random50	Novel	Novel	0.0	3.0	7.0	90.0	Hypothesized	0.1030883632692385	1.0	0.0	False	current	ff136250f372	No articles were provided linking PROSER3 to Autism Spectrum Disorder, so there is no evidence of any kind—genetic, functional, or biological—to evaluate. PROSER3 (proline and serine rich 3) is a poorly characterized gene with no established neurodevelopmental role in the supplied literature. Without any human variant studies, animal models, or pathway-level data, the relationship must be considered unsupported. A small residual probability is retained for the possibility that evidence exists in literature not presented here.	
PIK3R5	schizophrenia	random50	Novel	Novel	0.0	3.0	22.0	75.0	Hypothesized	0.0554369782027052	56.0	20.0	False	current	ff136250f372	None of the provided articles mention schizophrenia at all, and no study reports PIK3R5 variants in schizophrenia probands or families. PIK3R5 evidence here concerns ataxia with oculomotor apraxia (PMID 22065524, 27066567, 35426160), dementia-related neuropathology endophenotypes (PMID 39379761), drug-induced hypertension, cancers, and PI3Kγ signalling biology (PMID 36243838, 31480354). The only tenuous basis for a hypothesized link is that PIK3R5 encodes a PI3Kγ regulatory subunit acting in PI3K/AKT signalling with neurological/cerebellar developmental relevance, a pathway broadly discussed in neuropsychiatric disease, but this is not addressed for schizophrenia in any listed paper. Therefore the evidence is essentially absent, favouring Novel with some weight to Hypothesized on general neuronal PI3K biology.	
PPP1CC	Autism Spectrum Disorder	random50	Hypothesized	Hypothesized	1.0	6.0	85.0	8.0	Hypothesized	0.4619748183558772	54.0	20.0	False	current	ff136250f372	"The only article linking PPP1CC to autism is a mouse proteomic/phosphoproteomic study (PMID 40890295) showing PPP1CC forms a complex with SH3RF2 and CaMKII in the striatum, where loss of SH3RF2 disturbs the CaMKII/PP1 ""switch"" and produces autism-like behaviors — this is animal-model and mechanistic evidence, not human genetic variant evidence. No paper in the list reports PPP1CC variants in autistic probands or families, so neither Established nor Existing can be supported. The remaining papers concern spermatogenesis/male infertility (PMIDs 9882500, 23082183, 24089200), meat color and muscle traits (PMIDs 39565795, 21750233), cancer, RIPK1 signalling, and RAF activation, which are unrelated to ASD; one paper on mGluR7b–PP1C interaction (PMID 12570872) offers only weak indirect neuronal-pathway relevance. Thus the biology is plausibly relevant (synaptic/striatal signalling, PP1 regulation of GluR1 phosphorylation), placing this squarely in the Hypothesized category, with residual probability for Novel given the incidental nature of most co-mentions."	
PROSER3	schizophrenia	random50	Novel	Novel	0.0	3.0	7.0	90.0	Hypothesized	0.1030883632692385	1.0	0.0	False	current	ff136250f372	No articles were provided linking PROSER3 to schizophrenia or describing any relevant biology. PROSER3 (proline and serine rich 3) is a poorly characterized gene with no reported functional or genetic evidence in psychiatric disease in the supplied literature. Without any human genetic association studies, functional data, or even co-mention papers, there is no basis to support Established, Existing, or Hypothesized categories. The relationship is therefore best classified as Novel.	
PPP1CC	schizophrenia	random50	Novel	Novel	0.0	2.0	13.0	85.0	Hypothesized	0.1258194591989528	58.0	20.0	False	current	ff136250f372	"None of the provided articles mention schizophrenia at all; the literature set concerns spermatogenesis/male infertility in Ppp1cc-null mice, cancer cell line phosphatase genetics, platelet integrin signaling, meat color in chickens, muscle strength, dilated cardiomyopathy, and migraine target discovery. No human genetic association study links PPP1CC variants to schizophrenia or any recognized schizophrenia precursor phenotype. The only tangential neurological relevance is PPP1CC appearing as a candidate in a migraine GWAS-eQTL pipeline (PMID 41097341) and an Alzheimer's inflammation/mitochondrial study (PMID 41927108), plus general PP1 signaling roles that could hypothetically touch neuronal function, which supports only a small allowance for ""Hypothesized."" Overall the evidence is incidental co-mention at best, so ""Novel"" dominates."	
RNFT1	Autism Spectrum Disorder	random50	Novel	Novel	1.0	6.0	13.0	80.0	Hypothesized	0.1777497125776086	3.0	0.0	False	current	ff136250f372	No articles were provided, so there is no evidence linking RNFT1 (ring finger protein, transmembrane 1) variants or biology to Autism Spectrum Disorder. RNFT1 lies within the 17q23.1-q23.2 region, which has been implicated in copy number variant syndromes, but multigene CNVs cannot single out this gene, and no such papers were supplied here. Without any supporting literature, the default assessment is Novel, with a small allowance for hypothesized biological plausibility (ER-associated degradation/ubiquitin ligase function, synaptic roles) that could be argued in principle.	
SHFL	Autism Spectrum Disorder	random50	Hypothesized	Hypothesized	1.0	4.0	80.0	15.0	Hypothesized	0.2546466780161513	41.0	15.0	False	current	ff136250f372	"No human genetic study reports SHFL variants in autism probands or families, so Established and Existing are essentially unsupported. The only ASD-relevant evidence is the CC2D1A interactome study (PMID 40667103), which identified SHFL as one of ten high-confidence CC2D1A binding partners in mouse hippocampus, implicating it in synaptic/RNA-regulatory functions of a well-established ASD/ID gene — a plausible biological/pathway rationale that fits Hypothesized. The remaining SHFL papers concern its role as an interferon-stimulated antiviral restriction factor (HIV, flaviviruses, EV-A71, CVA16, PRRSV, HCV) with no autism relevance, and the HCV SNP association (PMID 40313380) is for an unrelated phenotype. Papers on Drosophila ""sfl"" (sulfateless), including the autism-behavior study (PMID 31316544), involve a homonymous acronym and not the SHFL gene, so they were dismissed. Thus the evidence is animal/proteomic and indirect, warranting Hypothesized with residual weight on Novel."	
RNFT1	schizophrenia	random50	Novel	Novel	0.0	5.0	13.0	82.0	Hypothesized	0.1777497125776086	3.0	0.0	False	current	ff136250f372	No articles were provided, so there is no citable evidence of any kind linking RNFT1 to schizophrenia. Without human genetic association studies, family/proband data, or even functional/expression or pathway data, none of the higher evidence tiers can be supported. RNFT1 (a RING finger transmembrane E3 ligase, located near the 17q12 region) might appear incidentally in multigenic CNV reports, but such multigene copy-number findings cannot single out this gene and no such articles were supplied here. Accordingly, the evidence base is best described as Novel, with small residual probability for Hypothesized in case unlisted biological literature exists.	
SHFL	schizophrenia	random50	Novel	Novel	0.0	1.0	4.0	95.0	Hypothesized	0.2546466780161513	39.0	14.0	False	current	ff136250f372	"None of the provided articles address schizophrenia in any way. The SHFL (C19orf66/Shiftless) papers concern antiviral interferon-stimulated gene function against HIV-1, flaviviruses, enteroviruses, PRRSV, and HCV, with human genetic association studies limited to HCV and HIV-1 infection susceptibility (PMIDs 40313380, 37701839). Several other papers involve ""sfl""/sulfateless, a Drosophila heparan sulfate biosynthesis gene, which is a homonymous acronym and not the SHFL gene; these touch on autism-like behaviors and Alzheimer models, not schizophrenia, and cannot be attributed to SHFL. There is no expression, pathway, animal-model, or variant evidence linking SHFL to schizophrenia, so the relationship is best described as Novel."	
SLC2A1	schizophrenia	random50	Hypothesized	Hypothesized	1.0	8.0	85.0	6.0	Hypothesized	0.6404379149337037	73.0	20.0	False	current	ff136250f372	"No article reports SLC2A1 variants in schizophrenia probands or families; the SLC2A1 genetic literature here concerns GLUT1 deficiency syndrome (epilepsy, paroxysmal exercise-induced dyskinesia, dystonia), which is not a recognized precursor or subtype of schizophrenia (PMIDs 32913944, 40609285, 31302675). The strongest schizophrenia-relevant evidence is human postmortem expression work showing decreased GLUT1 (SLC2A1) and GLUT3 mRNA in DLPFC pyramidal neurons with impaired bioenergetics (PMID 29497148), which is expression/functional rather than genetic-variant evidence. Additional support is conceptual—the ""GLUT hypothesis"" and ""cerebral diabetes"" models proposing impaired brain glucose transport in schizophrenia (PMIDs 21719205, 7739417), plus reviews noting hypometabolism in schizophrenia (PMID 37626828). This pattern—biologically plausible pathway and altered expression without variant-level association—fits Hypothesized, with a small allowance for Existing given the human tissue expression finding."	
SNN	Autism Spectrum Disorder	random50	Novel	Novel	1.0	3.0	16.0	80.0	Novel	0.0	47.0	7.0	False	current	ff136250f372	"Nearly all ""SNN"" mentions in autism-related articles are homonyms: ""spiking neural network"" (PMIDs 33353527, 25553542) and ""social neural network"" (PMID 24273718), which are irrelevant to the stannin gene. The genuine SNN/stannin papers concern organotin (trimethyltin) neurotoxicity chemistry and rodent hippocampal neurodegeneration (PMIDs 15521759, 17329931) and a liver caQTL/enhancer study where SNN expression changes relate to lipid/metabolic traits (PMID 38297830) — none address autism. PMID 39919830 concerns C. elegans snn-1 (synapsin), a different gene, in an epilepsy context. No human genetic variant evidence links SNN to autism spectrum disorder; only a very weak general neurodevelopmental/neurotoxicity rationale could support a hypothesized link."	
SPATA31A6	schizophrenia	random50	Novel	Novel	0.0	2.0	3.0	95.0	Novel	0.0	1.0	0.0	False	current	ff136250f372	No articles were provided linking SPATA31A6 to schizophrenia. SPATA31A6 is a member of the primate-specific SPATA31 (FAM75A) gene family, largely characterized in spermatogenesis and located in a highly repetitive, copy-number-variable region, with no known neuropsychiatric function. Without any literature evidence of variants, expression, or pathway relevance to schizophrenia, the relationship must be considered novel. No PMIDs are available to cite.	
SNN	schizophrenia	random50	Novel	Novel	1.0	4.0	20.0	75.0	Hypothesized	0.1380802898051562	54.0	4.0	False	current	ff136250f372	"None of the supplied articles mention schizophrenia, and none report any human genetic variant in SNN (stannin) associated with psychiatric phenotypes. The liver GWAS/caQTL paper (PMID 38297830) implicates SNN only incidentally as a gene whose expression changes upon enhancer repression in a lipid/metabolic trait context. The organotin/trimethyltin papers (PMIDs 15521759, 17329931) describe stannin's role in neurotoxicity and hippocampal neurodegeneration—CNS-relevant biology but with no link to schizophrenia mechanisms, and largely in rodent/in vitro systems. The C. elegans paper (PMID 39919830) uses ""snn-1"" as the synapsin ortholog, a homonymous acronym unrelated to the human SNN/stannin gene, and concerns epileptic encephalopathy rather than schizophrenia. Accordingly the evidence base is essentially absent, favoring Novel with a small allowance for indirect neurobiological plausibility."	
SPATA31A6	Autism Spectrum Disorder	random50	Novel	Novel	0.0	2.0	5.0	93.0	Novel	0.0	1.0	0.0	False	current	ff136250f372	No articles were provided linking SPATA31A6 to Autism Spectrum Disorder. SPATA31A6 is a member of a primate-specific, highly paralogous spermatogenesis-associated gene family located in segmental duplication regions, with no established neurodevelopmental function. Without any literature evidence of variants in patients, functional neuronal data, or pathway relevance, the relationship is best classified as Novel. A small residual probability is retained for unindexed or incidental associations (e.g., CNV surveys spanning duplicated regions), which would not in any case establish causality.	
SLC2A1	Autism Spectrum Disorder	random50	Existing	Existing	5.0	57.0	25.0	13.0	Hypothesized	0.6301501748768683	73.0	20.0	False	current	ff136250f372	"The only article directly linking SLC2A1 to autism in patients is a single case report of ASD co-occurring with Glut1 deficiency due to a heterozygous 1p34.2 deletion (PMID 26117362); because this is a contiguous multi-gene deletion in one proband, it cannot isolate SLC2A1 and cannot support ""Established."" A targeted NGS panel study of neurodevelopmental disorders including ASD listed SLC2A1 among the most frequently mutated genes, but does not specify that the SLC2A1-positive patients had ASD (PMID 36035117). The remaining literature concerns Glut1 deficiency syndrome phenotypes (epilepsy, paroxysmal dyskinesia, developmental delay, dysarthria, gait abnormality), which are neurodevelopmental comorbidities/risk contexts rather than demonstrated autism causation (PMIDs 32913944, 30076047, 24269118). Thus evidence is credible but limited, favoring ""Existing,"" with meaningful probability for ""Hypothesized"" (biologically plausible via shared neurodevelopmental mechanisms) and some chance the co-mentions are incidental."	
SOX21	schizophrenia	random50	Novel	Novel	1.0	4.0	33.0	62.0	Existing	0.2493464490748833	24.0	9.0	False	current	ff136250f372	None of the provided articles mention schizophrenia or any psychiatric phenotype; the literature covers congenital microcoria/glaucoma, colon cancer, ruminant rumen development, pituitary development, lifespan/oncogenic burden, and Alzheimer's disease (via the lncRNA SOX21-AS1). There are no human genetic association or variant studies linking SOX21 to schizophrenia, so Established and Existing are essentially unsupported. A modest case for Hypothesized rests on indirect neurodevelopmental biology: SOX21 acts downstream of CHD7 to maintain CNS/neuroepithelial lineage identity in human neural progenitors (PMID 29440260), and neurodevelopmental transcription factor programs are broadly relevant to schizophrenia risk. However, this is generic neural-development relevance rather than a specific mechanistic argument for schizophrenia, so most weight falls on Novel.	
SPIB	schizophrenia	random50	Novel	Novel	0.0	1.0	4.0	95.0	Novel	0.0	62.0	20.0	False	current	ff136250f372	None of the provided articles mention schizophrenia or any neuropsychiatric phenotype. SPIB (Spi-B) is characterized here exclusively as an ETS-family transcription factor in B-cell, dendritic/plasmacytoid cell, M-cell, tuft-cell, and lymphoma biology, plus autoimmune associations with primary biliary cirrhosis (PMIDs 22257840, 21538281) and roles in colorectal cancer and intestinal immunity. There is no genetic, expression, pathway, or animal-model evidence linking SPIB variants or function to schizophrenia in this corpus. Consequently, no basis exists for Established or Existing categories, and even a biological hypothesis is not supported beyond incidental co-mention.	
SOX21	Autism Spectrum Disorder	random50	Hypothesized	Hypothesized	1.0	7.0	50.0	42.0	Hypothesized	0.3073150090666279	33.0	15.0	False	current	ff136250f372	None of the provided articles reports SOX21 sequence variants in autism probands or families, so Established is untenable; the only human genomic finding (PMID 15666312) is a mosaic 13q31.1–13q32.3 deletion spanning multiple genes (GPC5, FARP1, SOX21) in a boy with intellectual disability and brachyphalangy, which cannot implicate SOX21 specifically and does not describe ASD. Indirect biological plausibility exists: SOX21 is a brain-enriched SOXB transcription factor acting downstream of CHD7 (a well-established ASD/CHARGE gene) to maintain human neuroepithelial/CNS lineage identity (PMID 29440260), it regulates neural progenitor programs and adult neurogenesis (PMIDs 30103323, 20876214), and Sox21 methylation/expression is altered in a mouse model of fetal alcohol spectrum disorder, an environmental ASD risk context (PMID 20009564). Mouse knockouts show alopecia and growth deficiency rather than neurobehavioral/autism-like phenotypes (PMIDs 19470461, 27616671), and several hits concern the homonymous lncRNA SOX21-AS1 in cancer/Alzheimer's, which are not evidence for this gene–phenotype pair. Overall the link is speculative and pathway-based, splitting weight between Hypothesized and Novel.	
SPIB	Autism Spectrum Disorder	random50	Novel	Novel	0.0	1.0	4.0	95.0	Novel	0.0	62.0	20.0	False	current	ff136250f372	None of the provided articles mention autism spectrum disorder or any neurodevelopmental phenotype. SPIB (Spi-B, an ETS-family transcription factor) is consistently described in the context of B-cell/lymphoma biology, dendritic and M cell differentiation, intestinal epithelium, and autoimmune liver disease (primary biliary cirrhosis), with no neuronal or brain-related function reported. There are no human genetic studies linking SPIB variants to autism or to a recognized autism precursor/subtype. Even a biological plausibility argument is absent, as no pathway shared with ASD risk mechanisms is described here. Therefore the relationship is best classified as Novel.	
SPTSSB	schizophrenia	random50	Novel	Novel	0.0	2.0	23.0	75.0	Novel	0.0	14.0	3.0	False	current	ff136250f372	None of the provided articles mention schizophrenia at all; they concern Parkinson's disease lipid dysmetabolism (PMID 41627849), an Alzheimer's disease ceRNA/expression network (PMID 37187245), and a mouse Sptssb mutation causing neurodegeneration (PMID 26438849). There is no human genetic variant evidence linking SPTSSB to schizophrenia, so Established and Existing are effectively excluded. A small allowance for Hypothesized is warranted because SPTSSB regulates sphingolipid long-chain base synthesis with brain expression and neurodegenerative/axonal phenotypes in mice, a biology loosely relevant to neuropsychiatric disease, but this link is indirect and not schizophrenia-specific. The overwhelming weight therefore falls on Novel, since the co-mentions are incidental to schizophrenia.	
TTC21A	schizophrenia	random50	Novel	Novel	0.0	2.0	13.0	85.0	Hypothesized	0.0943746146931894	17.0	2.0	False	current	ff136250f372	Neither article addresses schizophrenia at all. PMID 36756949 identifies TTC21A as an intraflagellar transport protein interacting with CEP78 in the context of cone-rod dystrophy and sperm flagella defects in mice and one human, with no psychiatric phenotype. PMID 33345186 lists TTC21A among genes flagged via expression/protein QTL analyses in a GWAS of circulating BDNF levels in middle- and old-aged adults, relevant to Alzheimer's disease and brain aging rather than schizophrenia; the BDNF link is only a very indirect, non-specific neurobiological connection. There are no human genetic association or causal variant data linking TTC21A to schizophrenia, so Established and Existing cannot be supported; a small amount of weight is given to Hypothesized for the tenuous ciliary/BDNF-related neurobiological plausibility.	
TTC21A	Autism Spectrum Disorder	random50	Novel	Novel	1.0	3.0	21.0	75.0	Hypothesized	0.0943746146931894	17.0	5.0	False	current	ff136250f372	None of the provided articles addresses Autism Spectrum Disorder in any form. TTC21A evidence concerns intraflagellar transport, sperm flagella defects and male infertility (PMIDs 30929735, 35920310, 36756949), a head and neck cancer prognostic marker analysis (PMID 38151293), and an incidental eQTL/pQTL hit in a GWAS of circulating BDNF levels (PMID 33345186). The BDNF study offers only a tenuous, indirect neurobiological co-mention (BDNF relates to brain development), which does not constitute autism-relevant evidence but leaves a small allowance for a hypothesized ciliary/neurodevelopmental rationale. No human variants, probands, or families link TTC21A to ASD, so Established and Existing are effectively excluded.	
SPTSSB	Autism Spectrum Disorder	random50	Novel	Novel	0.0	2.0	23.0	75.0	Hypothesized	0.056441522658112	14.0	3.0	False	current	ff136250f372	None of the provided articles examines Autism Spectrum Disorder. The SPTSSB literature here concerns Parkinson's disease risk variants and sphingolipid/ceramide dysmetabolism (PMID 41627849), an Alzheimer's disease lncRNA-ceRNA co-expression screen where SPTSSB appears only as a differentially expressed transcript (PMID 37187245), and a mouse Sptssb mutation causing altered long-chain base length and axon degeneration (PMID 26438849). The mouse neurodegeneration data and the gene's role in brain sphingolipid biosynthesis provide only a weak, indirect neurobiological rationale that could support a hypothesized link, and there are no human autism cohorts, probands, or families implicating SPTSSB variants. Therefore Established and Existing are not supportable, and the evidence base is best described as Novel with a modest allowance for Hypothesized based on CNS lipid biology.	
TRIM34	schizophrenia	random50	Novel	Novel	0.0	1.0	4.0	95.0	Hypothesized	0.0947793916138556	11.0	3.0	False	current	ff136250f372	"None of the three provided articles addresses schizophrenia in any way. They concern DNA methylation in Parkinson's disease (PMID 27709425), antiretroviral restriction activity of TRIM proteins in vitro (PMID 16828831), and copy number variation affecting metabolic traits in a mouse intercross (PMID 19648292). No human genetic variant, expression, pathway, or animal-model evidence links TRIM34 to schizophrenia, and the gene and phenotype are not even co-mentioned. The evidence therefore supports the ""Novel"" category."	
TRIM34	Autism Spectrum Disorder	random50	Novel	Novel	0.0	2.0	8.0	90.0	Hypothesized	0.0947793916138556	11.0	3.0	False	current	ff136250f372	None of the provided articles addresses Autism Spectrum Disorder in any way. TRIM34 appears in an epigenome-wide methylation study of Parkinson's disease (PMID: 27709425), in an in vitro antiretroviral restriction screen (PMID: 16828831), and in a mouse copy-number/metabolic trait study (PMID: 19648292) — none involve autism phenotypes, autism-related neurodevelopmental mechanisms, or patient variants linked to ASD. There is no human genetic association, no functional neurobiological link, and no animal model of ASD implicating TRIM34. Consequently the evidence base is best characterized as Novel, with only a residual possibility that unlisted literature supports a hypothesized biological connection.	
ARHGAP5	schizophrenia	random50	Novel	Novel	1.0	5.0	33.0	61.0	Hypothesized	0.295331167031878	39.0	16.0	False	current	ff136250f372	None of the provided articles mention schizophrenia or any schizophrenia-related phenotype; the human genetic studies concern vincristine-induced peripheral neuropathy, idiopathic hypogonadotropic hypogonadism, ovarian cancer susceptibility, and breast cancer biology. No article reports ARHGAP5 variants in schizophrenia probands or families, so Established and Existing cannot be supported. Some indirect biological plausibility exists because p190B/ARHGAP5 regulates RhoA-dependent actin cytoskeletal dynamics, axon branch stability and neural plasticity (Drosophila mushroom body neurons), GnRH neuronal development, and is downregulated in a Ube3a-deficient mouse model of a neurodevelopmental disorder — pathways broadly relevant to neuronal connectivity. However, these links are generic to neurodevelopment and not specific to schizophrenia, so the weight of evidence favors Novel with a substantial minority for Hypothesized.	
ARHGAP5	Autism Spectrum Disorder	random50	Hypothesized	Hypothesized	1.0	7.0	62.0	30.0	Hypothesized	0.295331167031878	39.0	15.0	False	current	ff136250f372	No article in this set reports ARHGAP5 variants in autism probands or families, so Established is untenable and Existing has no direct human genetic support (the human studies cited concern vincristine neuropathy, hypogonadotropic hypogonadism, ovarian cancer, and polycystic kidney disease). The strongest basis for a relationship is biological/indirect: Arhgap5 is downregulated in the hippocampus of Ube3a-deficient (Angelman syndrome) mice via disrupted retinoic acid signalling (PMID 33995501), a neurodevelopmental disorder closely allied with ASD, and p190 RhoGAPs regulate RhoA-dependent actin/cytoskeletal dynamics, axon branch stability and neuronal structural plasticity (PMIDs 11672527, 31013840), pathways repeatedly implicated in ASD. These are animal/in vitro data, so they support Hypothesized rather than Existing. A substantial residual probability remains for Novel because most of the retrieved literature is cancer- or signalling-focused and mentions ASD not at all.	
ZNF652	Autism Spectrum Disorder	random50	Novel	Novel	0.0	3.0	7.0	90.0	Hypothesized	0.2785129338008026	25.0	0.0	False	current	ff136250f372	No articles were provided for evaluation, so there is no literature evidence linking ZNF652 variants or biology to Autism Spectrum Disorder. Without any supporting titles or abstracts, no causal, associative, or even mechanistic/biological rationale can be documented. The absence of retrievable evidence best fits the Novel category, with small residual probability that relevant studies exist but were not supplied here.	
ZNF652	schizophrenia	random50	Hypothesized	Hypothesized	1.0	6.0	72.0	21.0	Hypothesized	0.3248145121446139	22.0	3.0	False	current	ff136250f372	"The only article linking ZNF652 to schizophrenia (PMID 28038920) reports differential expression of ZNF652 in human postmortem brains of antipsychotic/clozapine-treated patients — this is expression/pharmacological response data, not genetic variant evidence, so it supports at most a ""Hypothesized"" biological relationship. No study reports ZNF652 variants associated with schizophrenia in probands or families, so ""Established"" and ""Existing"" cannot be supported. The other papers concern headache/thyroid function GWAS (PMID 36672757) and mutant p53/miR-155-driven breast cancer invasion (PMID 22797073), which are unrelated to schizophrenia and do not add evidence. Some residual probability is assigned to ""Novel"" because the sole link is indirect drug-response expression data rather than disease-specific mechanism."	
ATRAID	schizophrenia	random50	Novel	Novel	0	1	4	95	Novel	0.0	59	6	False	current	ff136250f372	"The three schizophrenia-related articles (PMIDs 37280038, 30901089, 21115101) were retrieved because of the ATRAID alias ""p18"", but in those papers ""P18"" refers to postnatal day 18, a clear homonym unrelated to the gene; they contain no mention of ATRAID. The genuine ATRAID papers concern nitrogen-containing bisphosphonate action on bone, atypical femoral fracture/osteonecrosis of the jaw susceptibility, and late-onset non-syndromic retinitis pigmentosa (PMIDs 32434850, 38199157, 42417592), none of which relate to schizophrenia or its neurobiology. There is therefore no genetic, expression, pathway, or model-organism evidence connecting ATRAID to schizophrenia in this set. The relationship is best classified as Novel, with only a negligible chance that unlisted biology could support a hypothesis."	
ATRAID	Autism Spectrum Disorder	random50	Novel	Novel	0	1	4	95	Hypothesized	0.06964732361533206	63	13	False	current	ff136250f372	"The autism-related articles in this list (PMIDs 37280038, 41676684, 36947880, 31128097, 21115101, 28925578, 29040407, 25766676) do not study ATRAID at all; they were retrieved because of the homonym ""P18"" (postnatal day 18), which is an alias of ATRAID, and must be dismissed. The genuine ATRAID papers concern nitrogen-containing bisphosphonate action and atypical femoral fracture/osteonecrosis of the jaw (32434850, 38199157), bladder cancer (41158706), AML drug response (40186177), and late-onset retinitis pigmentosa (42417592) — none relate to neurodevelopment or autism spectrum disorder. There is no human genetic, functional, expression, or pathway evidence linking ATRAID to ASD, and no animal model data of relevance. Therefore the relationship is best classified as Novel."	
