phenotype	n	n_top	k_top	k_rest	or	lo	hi	p	rho	lo_l2	hi_l2	stage
Alzheimer's disease	540	54	9	62	1.366872442039968	0.5595073630332277	3.014045132569386	0.3992631999245447	0.45087861542173185	-0.8377709779097732	1.591701020136312	adult
Autism Spectrum Disorder	540	54	38	216	2.9628972527612305	1.5634500449093183	5.85384259035474	3.0145032844770825e-4	1.5670085974426256	0.6447331232521027	2.549383952243443	adult
bipolar disorder	540	54	16	45	4.110345139001623	1.9782833882114716	8.276709066152419	7.946572481930816e-5	2.039259539751307	0.9842491063208186	3.049057246261446	adult
congenital heart disease	540	54	6	118	0.3903732086823122	0.13316006688009938	0.9454655291771903	0.027100958242978913	-1.3570740507659436	-2.9087665946978443	-0.08090323511706758	adult
epilepsy	540	54	34	202	2.3862009994204256	1.2918983994757884	4.51125466725321	0.003546802812568388	1.2547155722257615	0.3694926146633628	2.1735287307065096	adult
schizophrenia	540	54	24	105	2.895917078254306	1.5490261404083954	5.3719419431368545	5.785050644933068e-4	1.5340202928548083	0.6313614903633429	2.4254437130302184	adult
type 2 diabetes	540	54	10	69	1.372635529013898	0.5878198917305205	2.934832577116819	0.41612316997402116	0.45694860269722604	-0.766553914504091	1.5532782045098708	adult
Alzheimer's disease	547	54	13	58	2.3732430985534867	1.0996723056717952	4.851190414567231	0.017368059346071583	1.2468598877692978	0.13707367519066824	2.2783388080135487	fetal
Autism Spectrum Disorder	547	54	39	218	3.272892871722281	1.7108517252281468	6.566239078669599	9.080106430335473e-5	1.7105663808842355	0.7747147308691174	2.715067279812152	fetal
bipolar disorder	547	54	15	46	3.7246553945587806	1.7688321332118473	7.555280940726122	2.786091346673042e-4	1.8971069534784044	0.822797138998287	2.917485402545177	fetal
congenital heart disease	547	54	6	118	0.3977819755106373	0.1356530320380981	0.9632646573842163	0.03863006190468471	-1.329950189330483	-2.882006800622235	-0.053995861264787955	fetal
epilepsy	547	54	33	205	2.2044366157910034	1.1986697377648514	4.134283693304508	0.008742756412546123	1.1404099957113725	0.26143421644859455	2.0476373894602133	fetal
schizophrenia	547	54	21	109	2.238031193522506	1.1793997773430007	4.171955488696444	0.010592001210897642	1.1622301446371859	0.23805282690840057	2.0607237655807205	fetal
type 2 diabetes	547	54	12	69	1.7535673772636255	0.7994341905930048	3.604475575421682	0.10919574806528844	0.8102928642814172	-0.32294881892141436	1.849789373259569	fetal
