phenotype	n	rho	p	se	lo	hi	stage
Alzheimer's disease	540	0.09191879449194033	0.032714249733413324	0.04315318520021031	0.007598601527975026	0.17494107459615138	adult
Autism Spectrum Disorder	540	0.10062718070307604	0.019341385767745956	0.04315318520021031	0.016387193712531747	0.1834486764173466	adult
bipolar disorder	540	0.21119868011414514	7.329948142777927e-7	0.04315318520021031	0.12912057909500563	0.29040261264882256	adult
congenital heart disease	540	-0.25017792217737106	3.766797752425644e-9	0.04315318520021031	-0.3276406237373546	-0.16937424992664873	adult
epilepsy	540	0.19150557078380528	7.4148698986328046e-6	0.04315318520021031	0.10888593869389684	0.27149754996737546	adult
schizophrenia	540	0.17138507734844474	6.252944927036398e-5	0.04315318520021031	0.08828263312567987	0.25211824185442894	adult
type 2 diabetes	540	-0.04977758560623984	0.2481878841374896	0.04315318520021031	-0.13359558678497724	0.03474748834931475	adult
Alzheimer's disease	547	0.1015343156298284	0.01753008548754623	0.042874646285627205	0.01784920033815045	0.18380674423520713	fetal
Autism Spectrum Disorder	547	0.25948634095762396	7.23654715181569e-10	0.042874646285627205	0.17955543865584547	0.3360135639723592	fetal
bipolar disorder	547	0.2889184861323556	5.609405585145687e-12	0.042874646285627205	0.2101722401039654	0.36394015426645804	fetal
congenital heart disease	547	-0.1270903745082288	0.002904420682822105	0.042874646285627205	-0.20870371465563353	-0.043719143127908464	fetal
epilepsy	547	0.2538709783105622	1.7130912859728328e-9	0.042874646285627205	0.17373159216056025	0.3306701170925583	fetal
schizophrenia	547	0.2629877751929172	4.184362399772882e-10	0.042874646285627205	0.1831897102343298	0.3393429546436164	fetal
type 2 diabetes	547	-0.03555140797583256	0.40663055526504255	0.042874646285627205	-0.11903367880032664	0.04842999255799926	fetal
