nominator	rank	item	yid	source	phenotype	lor	q	k	K	n_fg	p	frac
ASD	1	Negative Regulation of Gene Expression, Epigenetic (GO:0045814)	"ASD	Negative Regulation of Gene Expression, Epigenetic (GO:0045814)"	ASD	ASD	4.901493668570084	0.014319853810918461	12	12	257	9.420956454551619e-05	1.0
ASD	1	Negative Regulation of Gene Expression, Epigenetic (GO:0045814)	"ASD	Negative Regulation of Gene Expression, Epigenetic (GO:0045814)"	ASD	epilepsy	1.8720178471864382	0.1469256254655698	9	12	238	0.025672359031712076	0.75
ASD	1	Negative Regulation of Gene Expression, Epigenetic (GO:0045814)	"ASD	Negative Regulation of Gene Expression, Epigenetic (GO:0045814)"	ASD	CHD	2.290330851348304	0.0432103187807531	7	12	124	0.007253717773664329	0.5833333333333334
ASD	1	Negative Regulation of Gene Expression, Epigenetic (GO:0045814)	"ASD	Negative Regulation of Gene Expression, Epigenetic (GO:0045814)"	ASD	SCZ	2.683072586171004	0.04317453239897839	8	12	130	0.0016722530154533882	0.6666666666666666
ASD	1	Negative Regulation of Gene Expression, Epigenetic (GO:0045814)	"ASD	Negative Regulation of Gene Expression, Epigenetic (GO:0045814)"	ASD	T2D	0.4606487681132811	0.7625204101585428	2	12	81	0.5480889055191961	0.16666666666666666
ASD	1	Negative Regulation of Gene Expression, Epigenetic (GO:0045814)	"ASD	Negative Regulation of Gene Expression, Epigenetic (GO:0045814)"	ASD	AD	1.8867605238162386	0.17744781227899692	4	12	71	0.05636577566509313	0.3333333333333333
ASD	2	Histone H3 Methyltransferase Activity (GO:0140938)	"ASD	Histone H3 Methyltransferase Activity (GO:0140938)"	ASD	ASD	3.53753334679484	0.014650951801263459	14	15	257	0.00016867872139612536	0.9333333333333333
ASD	2	Histone H3 Methyltransferase Activity (GO:0140938)	"ASD	Histone H3 Methyltransferase Activity (GO:0140938)"	ASD	epilepsy	2.2869296268851507	0.07066575358386921	12	15	238	0.0038481350961512934	0.8
ASD	2	Histone H3 Methyltransferase Activity (GO:0140938)	"ASD	Histone H3 Methyltransferase Activity (GO:0140938)"	ASD	CHD	2.8130708369866015	0.0036410619410578208	10	15	124	0.0002628925589211423	0.6666666666666666
ASD	2	Histone H3 Methyltransferase Activity (GO:0140938)	"ASD	Histone H3 Methyltransferase Activity (GO:0140938)"	ASD	bipolar	1.1924909356225861	0.5747379165283718	3	15	61	0.2257898957790032	0.2
ASD	2	Histone H3 Methyltransferase Activity (GO:0140938)	"ASD	Histone H3 Methyltransferase Activity (GO:0140938)"	ASD	SCZ	1.5593108319066797	0.21609167487094805	7	15	130	0.04070741058308352	0.4666666666666667
ASD	2	Histone H3 Methyltransferase Activity (GO:0140938)	"ASD	Histone H3 Methyltransferase Activity (GO:0140938)"	ASD	T2D	0.08862868742376058	0.7829879406841204	2	15	81	0.6747190671225887	0.13333333333333333
ASD	2	Histone H3 Methyltransferase Activity (GO:0140938)	"ASD	Histone H3 Methyltransferase Activity (GO:0140938)"	ASD	AD	-0.5499324892464158	0.8829956064941248	1	15	71	0.8778015146912181	0.06666666666666667
ASD	3	Proteasome-mediated Ubiquitin-Dependent Protein Catabolic Process (GO:0043161)	"ASD	Proteasome-mediated Ubiquitin-Dependent Protein Catabolic Process (GO:0043161)"	ASD	ASD	2.4073948046593103	0.04941280608776176	15	18	257	0.001381608064953865	0.8333333333333334
ASD	3	Proteasome-mediated Ubiquitin-Dependent Protein Catabolic Process (GO:0043161)	"ASD	Proteasome-mediated Ubiquitin-Dependent Protein Catabolic Process (GO:0043161)"	ASD	epilepsy	1.379792495278179	0.18723838902366197	12	18	238	0.03676793447824385	0.6666666666666666
ASD	3	Proteasome-mediated Ubiquitin-Dependent Protein Catabolic Process (GO:0043161)	"ASD	Proteasome-mediated Ubiquitin-Dependent Protein Catabolic Process (GO:0043161)"	ASD	CHD	0.49542082766435475	0.6148010845013702	5	18	124	0.3823961796760619	0.2777777777777778
ASD	3	Proteasome-mediated Ubiquitin-Dependent Protein Catabolic Process (GO:0043161)	"ASD	Proteasome-mediated Ubiquitin-Dependent Protein Catabolic Process (GO:0043161)"	ASD	bipolar	0.26993682768935034	0.7399796893497742	2	18	61	0.6131260283183844	0.1111111111111111
ASD	3	Proteasome-mediated Ubiquitin-Dependent Protein Catabolic Process (GO:0043161)	"ASD	Proteasome-mediated Ubiquitin-Dependent Protein Catabolic Process (GO:0043161)"	ASD	SCZ	0.77077386444397	0.5092587442673485	6	18	130	0.23400797932003164	0.3333333333333333
ASD	3	Proteasome-mediated Ubiquitin-Dependent Protein Catabolic Process (GO:0043161)	"ASD	Proteasome-mediated Ubiquitin-Dependent Protein Catabolic Process (GO:0043161)"	ASD	T2D	-0.21039023922692407	0.8242343503535192	2	18	81	0.7713776385072013	0.1111111111111111
ASD	3	Proteasome-mediated Ubiquitin-Dependent Protein Catabolic Process (GO:0043161)	"ASD	Proteasome-mediated Ubiquitin-Dependent Protein Catabolic Process (GO:0043161)"	ASD	AD	0.015018431430932217	0.7498608264877087	2	18	71	0.7000203497132822	0.1111111111111111
ASD	4	Chromatin Remodeling (GO:0006338)	"ASD	Chromatin Remodeling (GO:0006338)"	ASD	ASD	2.116476788416275	0.01012614110807357	29	37	257	4.9964512046415635e-05	0.7837837837837838
ASD	4	Chromatin Remodeling (GO:0006338)	"ASD	Chromatin Remodeling (GO:0006338)"	ASD	epilepsy	1.3414006972409798	0.07805077528712473	24	37	238	0.005173925442861282	0.6486486486486487
ASD	4	Chromatin Remodeling (GO:0006338)	"ASD	Chromatin Remodeling (GO:0006338)"	ASD	CHD	1.69064970481245	0.008469896290236019	17	37	124	0.0009326059092137133	0.4594594594594595
ASD	4	Chromatin Remodeling (GO:0006338)	"ASD	Chromatin Remodeling (GO:0006338)"	ASD	bipolar	-0.3402270105019186	0.8538389852788898	3	37	61	0.8034770264889296	0.08108108108108109
ASD	4	Chromatin Remodeling (GO:0006338)	"ASD	Chromatin Remodeling (GO:0006338)"	ASD	SCZ	1.0740170489673724	0.18674079172887642	14	37	130	0.0325481309527443	0.3783783783783784
ASD	4	Chromatin Remodeling (GO:0006338)	"ASD	Chromatin Remodeling (GO:0006338)"	ASD	T2D	-0.8292613750133272	0.9335889662318703	3	37	81	0.9317180464598626	0.08108108108108109
ASD	4	Chromatin Remodeling (GO:0006338)	"ASD	Chromatin Remodeling (GO:0006338)"	ASD	AD	1.031518400929871	0.24489412102247368	8	37	71	0.08883414193952477	0.21621621621621623
ASD	5	Negative Regulation of Gene Expression (GO:0010629)	"ASD	Negative Regulation of Gene Expression (GO:0010629)"	ASD	ASD	1.9327467290904188	0.04941280608776176	20	26	257	0.0013504925610807244	0.7692307692307693
ASD	5	Negative Regulation of Gene Expression (GO:0010629)	"ASD	Negative Regulation of Gene Expression (GO:0010629)"	ASD	epilepsy	2.145366080667175	0.02685929486510069	20	26	238	0.00038513489388487625	0.7692307692307693
ASD	5	Negative Regulation of Gene Expression (GO:0010629)	"ASD	Negative Regulation of Gene Expression (GO:0010629)"	ASD	CHD	1.4275657788008485	0.07408096187103663	11	26	124	0.01698245876827013	0.4230769230769231
ASD	5	Negative Regulation of Gene Expression (GO:0010629)	"ASD	Negative Regulation of Gene Expression (GO:0010629)"	ASD	bipolar	0.7014044089432614	0.6980628593121022	4	26	61	0.32352163289102487	0.15384615384615385
ASD	5	Negative Regulation of Gene Expression (GO:0010629)	"ASD	Negative Regulation of Gene Expression (GO:0010629)"	ASD	SCZ	1.3320569419066621	0.17578345866421255	11	26	130	0.024230595697943	0.4230769230769231
ASD	5	Negative Regulation of Gene Expression (GO:0010629)	"ASD	Negative Regulation of Gene Expression (GO:0010629)"	ASD	T2D	0.5847431961618088	0.6949792170895382	5	26	81	0.3329597489012007	0.19230769230769232
ASD	5	Negative Regulation of Gene Expression (GO:0010629)	"ASD	Negative Regulation of Gene Expression (GO:0010629)"	ASD	AD	1.4573184674143516	0.14203117920409333	7	26	71	0.0384319661375782	0.2692307692307692
epilepsy	1	Potassium Ion Transmembrane Transport (GO:0071805)	"epilepsy	Potassium Ion Transmembrane Transport (GO:0071805)"	epilepsy	ASD	1.9899908142262128	0.19829339295213907	8	10	257	0.03391860668918169	0.8
epilepsy	1	Potassium Ion Transmembrane Transport (GO:0071805)	"epilepsy	Potassium Ion Transmembrane Transport (GO:0071805)"	epilepsy	epilepsy	4.84397944727014	0.020843673371900382	10	10	238	0.000206373003682182	1.0
epilepsy	1	Potassium Ion Transmembrane Transport (GO:0071805)	"epilepsy	Potassium Ion Transmembrane Transport (GO:0071805)"	epilepsy	CHD	-0.9056998569456925	0.9498598033471225	1	10	124	0.9241444074256007	0.1
epilepsy	1	Potassium Ion Transmembrane Transport (GO:0071805)	"epilepsy	Potassium Ion Transmembrane Transport (GO:0071805)"	epilepsy	bipolar	3.1001738929998934	0.029646975625902065	5	10	61	0.002329405227749448	0.5
epilepsy	1	Potassium Ion Transmembrane Transport (GO:0071805)	"epilepsy	Potassium Ion Transmembrane Transport (GO:0071805)"	epilepsy	SCZ	1.1817200001026607	0.44926260209873203	4	10	130	0.19141117906319216	0.4
epilepsy	1	Potassium Ion Transmembrane Transport (GO:0071805)	"epilepsy	Potassium Ion Transmembrane Transport (GO:0071805)"	epilepsy	T2D	1.4591531329611331	0.5575139123235622	3	10	81	0.17117602598694037	0.3
epilepsy	1	Potassium Ion Transmembrane Transport (GO:0071805)	"epilepsy	Potassium Ion Transmembrane Transport (GO:0071805)"	epilepsy	AD	0.07553454760731372	0.7732589365061804	1	10	71	0.7520322206020891	0.1
epilepsy	2	Cell Junction Organization (GO:0034330)	"epilepsy	Cell Junction Organization (GO:0034330)"	epilepsy	ASD	1.1010645596824897	0.42117443791291775	6	9	257	0.19188374885177337	0.6666666666666666
epilepsy	2	Cell Junction Organization (GO:0034330)	"epilepsy	Cell Junction Organization (GO:0034330)"	epilepsy	epilepsy	4.693289549579227	0.02685929486510069	9	9	238	0.0004875449562972073	1.0
epilepsy	2	Cell Junction Organization (GO:0034330)	"epilepsy	Cell Junction Organization (GO:0034330)"	epilepsy	CHD	-0.7417837595635169	0.944195948770616	1	9	124	0.901587828338729	0.1111111111111111
epilepsy	2	Cell Junction Organization (GO:0034330)	"epilepsy	Cell Junction Organization (GO:0034330)"	epilepsy	bipolar	1.434604868126343	0.630569260946318	2	9	61	0.26273719206096585	0.2222222222222222
epilepsy	2	Cell Junction Organization (GO:0034330)	"epilepsy	Cell Junction Organization (GO:0034330)"	epilepsy	SCZ	2.638715251376822	0.09689296806735596	6	9	130	0.006994034666833793	0.6666666666666666
epilepsy	2	Cell Junction Organization (GO:0034330)	"epilepsy	Cell Junction Organization (GO:0034330)"	epilepsy	T2D	0.016769619001974122	0.8184436259131794	1	9	81	0.7643180955421676	0.1111111111111111
epilepsy	2	Cell Junction Organization (GO:0034330)	"epilepsy	Cell Junction Organization (GO:0034330)"	epilepsy	AD	1.89610373642437	0.25272848069996234	3	9	71	0.09762256999586781	0.3333333333333333
epilepsy	3	Regulation of TORC1 Signaling (GO:1903432)	"epilepsy	Regulation of TORC1 Signaling (GO:1903432)"	epilepsy	ASD	2.73189714966269	0.12170733380151583	8	9	257	0.011410062543892109	0.8888888888888888
epilepsy	3	Regulation of TORC1 Signaling (GO:1903432)	"epilepsy	Regulation of TORC1 Signaling (GO:1903432)"	epilepsy	epilepsy	4.693289549579227	0.02685929486510069	9	9	238	0.0004875449562972073	1.0
epilepsy	3	Regulation of TORC1 Signaling (GO:1903432)	"epilepsy	Regulation of TORC1 Signaling (GO:1903432)"	epilepsy	CHD	2.111447340383783	0.11029320704678391	5	9	124	0.031057292959022185	0.5555555555555556
epilepsy	3	Regulation of TORC1 Signaling (GO:1903432)	"epilepsy	Regulation of TORC1 Signaling (GO:1903432)"	epilepsy	bipolar	0.49002841003968167	0.7545103538772612	1	9	61	0.6557054265838103	0.1111111111111111
epilepsy	3	Regulation of TORC1 Signaling (GO:1903432)	"epilepsy	Regulation of TORC1 Signaling (GO:1903432)"	epilepsy	SCZ	0.8077900585534044	0.5806559417416929	3	9	130	0.36086540041341125	0.3333333333333333
epilepsy	3	Regulation of TORC1 Signaling (GO:1903432)	"epilepsy	Regulation of TORC1 Signaling (GO:1903432)"	epilepsy	T2D	0.016769619001974122	0.8184436259131794	1	9	81	0.7643180955421676	0.1111111111111111
epilepsy	3	Regulation of TORC1 Signaling (GO:1903432)	"epilepsy	Regulation of TORC1 Signaling (GO:1903432)"	epilepsy	AD	1.89610373642437	0.25272848069996234	3	9	71	0.09762256999586781	0.3333333333333333
epilepsy	4	Cellular Response to Lipid (GO:0071396)	"epilepsy	Cellular Response to Lipid (GO:0071396)"	epilepsy	ASD	0.19157760098589618	0.8007389615901701	4	8	257	0.5636780848036066	0.5
epilepsy	4	Cellular Response to Lipid (GO:0071396)	"epilepsy	Cellular Response to Lipid (GO:0071396)"	epilepsy	epilepsy	4.526552280370451	0.03984764444347404	8	8	238	0.0011489102883177667	1.0
epilepsy	4	Cellular Response to Lipid (GO:0071396)	"epilepsy	Cellular Response to Lipid (GO:0071396)"	epilepsy	CHD	0.40081242799884376	0.7820186495616204	2	8	124	0.5702807480557666	0.25
epilepsy	4	Cellular Response to Lipid (GO:0071396)	"epilepsy	Cellular Response to Lipid (GO:0071396)"	epilepsy	bipolar	3.077837434474817	0.062475334751278755	4	8	61	0.006842536663235292	0.5
epilepsy	4	Cellular Response to Lipid (GO:0071396)	"epilepsy	Cellular Response to Lipid (GO:0071396)"	epilepsy	SCZ	2.3861655299903357	0.1545358807079176	5	8	130	0.0206773361510594	0.625
epilepsy	4	Cellular Response to Lipid (GO:0071396)	"epilepsy	Cellular Response to Lipid (GO:0071396)"	epilepsy	T2D	0.20046458240169523	0.8034095699971668	1	8	81	0.722907609075607	0.125
epilepsy	4	Cellular Response to Lipid (GO:0071396)	"epilepsy	Cellular Response to Lipid (GO:0071396)"	epilepsy	AD	2.8164859338097323	0.06417228552688911	4	8	71	0.011953661029518562	0.5
epilepsy	5	Metal Ion Transport (GO:0030001)	"epilepsy	Metal Ion Transport (GO:0030001)"	epilepsy	ASD	2.1562494501944336	0.15020417964092855	9	11	257	0.018756601257979684	0.8181818181818182
epilepsy	5	Metal Ion Transport (GO:0030001)	"epilepsy	Metal Ion Transport (GO:0030001)"	epilepsy	epilepsy	3.254392920023536	0.03984764444347404	10	11	238	0.0013987503582903438	0.9090909090909091
epilepsy	5	Metal Ion Transport (GO:0030001)	"epilepsy	Metal Ion Transport (GO:0030001)"	epilepsy	CHD	-1.0535494682767343	0.9518721840799325	1	11	124	0.9415630990537961	0.09090909090909091
epilepsy	5	Metal Ion Transport (GO:0030001)	"epilepsy	Metal Ion Transport (GO:0030001)"	epilepsy	bipolar	3.36694508856877	0.014795499096063551	6	11	61	0.000436031291584859	0.5454545454545454
epilepsy	5	Metal Ion Transport (GO:0030001)	"epilepsy	Metal Ion Transport (GO:0030001)"	epilepsy	SCZ	1.9797108342060585	0.17578345866421255	6	11	130	0.025067711534861297	0.5454545454545454
epilepsy	5	Metal Ion Transport (GO:0030001)	"epilepsy	Metal Ion Transport (GO:0030001)"	epilepsy	T2D	0.6081749722507571	0.7625204101585428	2	11	81	0.49901258756653005	0.18181818181818182
epilepsy	5	Metal Ion Transport (GO:0030001)	"epilepsy	Metal Ion Transport (GO:0030001)"	epilepsy	AD	1.5029739585218347	0.3105567470042678	3	11	71	0.15893198229041938	0.2727272727272727
CHD	1	Cardiac Conduction System Development (GO:0003161)	"CHD	Cardiac Conduction System Development (GO:0003161)"	CHD	ASD	-1.9508740871952523	0.9914902272413282	1	7	257	0.9882287462306659	0.14285714285714285
CHD	1	Cardiac Conduction System Development (GO:0003161)	"CHD	Cardiac Conduction System Development (GO:0003161)"	CHD	epilepsy	-1.7475176569474644	0.9898117499843687	1	7	238	0.9816449863706364	0.14285714285714285
CHD	1	Cardiac Conduction System Development (GO:0003161)	"CHD	Cardiac Conduction System Development (GO:0003161)"	CHD	CHD	5.766775580361809	0.0007969452904752577	7	7	124	2.5893529293419926e-05	1.0
CHD	1	Cardiac Conduction System Development (GO:0003161)	"CHD	Cardiac Conduction System Development (GO:0003161)"	CHD	bipolar	2.690392686451079	0.18404319242134465	3	7	61	0.03286485578952583	0.42857142857142855
CHD	1	Cardiac Conduction System Development (GO:0003161)	"CHD	Cardiac Conduction System Development (GO:0003161)"	CHD	SCZ	0.5555765938265315	0.7069018494545987	2	7	130	0.5214645685237268	0.2857142857142857
CHD	1	Cardiac Conduction System Development (GO:0003161)	"CHD	Cardiac Conduction System Development (GO:0003161)"	CHD	T2D	2.205446529282458	0.3795124733166585	3	7	81	0.0692096895226772	0.42857142857142855
CHD	2	Aortic Valve Development (GO:0003176)	"CHD	Aortic Valve Development (GO:0003176)"	CHD	ASD	-1.7048566248777128	0.9914902272413282	1	6	257	0.9776879371062099	0.16666666666666666
CHD	2	Aortic Valve Development (GO:0003176)	"CHD	Aortic Valve Development (GO:0003176)"	CHD	epilepsy	-0.4645666007449272	0.8953718665381649	2	6	238	0.8155862546684274	0.3333333333333333
CHD	2	Aortic Valve Development (GO:0003176)	"CHD	Aortic Valve Development (GO:0003176)"	CHD	CHD	5.548098400561123	0.0021333210181338773	6	6	124	0.00011937355877644441	1.0
CHD	2	Aortic Valve Development (GO:0003176)	"CHD	Aortic Valve Development (GO:0003176)"	CHD	bipolar	1.1270205002243456	0.6980628593121022	1	6	61	0.5077463465493119	0.16666666666666666
CHD	2	Aortic Valve Development (GO:0003176)	"CHD	Aortic Valve Development (GO:0003176)"	CHD	T2D	1.7017574957194885	0.5575139123235622	2	6	81	0.21655955626273538	0.3333333333333333
CHD	3	Artery Morphogenesis (GO:0048844)	"CHD	Artery Morphogenesis (GO:0048844)"	CHD	ASD	-0.300211954703334	0.9071319312190366	2	5	257	0.7700408867721561	0.4
CHD	3	Artery Morphogenesis (GO:0048844)	"CHD	Artery Morphogenesis (GO:0048844)"	CHD	epilepsy	1.9946067412297817	0.2820426869096094	4	5	238	0.11356174192400115	0.8
CHD	3	Artery Morphogenesis (GO:0048844)	"CHD	Artery Morphogenesis (GO:0048844)"	CHD	CHD	5.294966741974839	0.0057146755353372205	5	5	124	0.0005467108364131276	1.0
CHD	3	Artery Morphogenesis (GO:0048844)	"CHD	Artery Morphogenesis (GO:0048844)"	CHD	SCZ	1.2145810109972948	0.5685651837085739	2	5	130	0.3383363241082711	0.4
CHD	3	Artery Morphogenesis (GO:0048844)	"CHD	Artery Morphogenesis (GO:0048844)"	CHD	T2D	2.0674234883971616	0.5513201139311142	2	5	81	0.15909838959134356	0.4
CHD	3	Artery Morphogenesis (GO:0048844)	"CHD	Artery Morphogenesis (GO:0048844)"	CHD	AD	2.291964504016193	0.25788703322828377	2	5	71	0.12688535525982114	0.4
CHD	4	Blood Vessel Morphogenesis (GO:0048514)	"CHD	Blood Vessel Morphogenesis (GO:0048514)"	CHD	ASD	-1.4103579783389737	0.9903549865334098	1	5	257	0.9577775198711265	0.2
CHD	4	Blood Vessel Morphogenesis (GO:0048514)	"CHD	Blood Vessel Morphogenesis (GO:0048514)"	CHD	epilepsy	-0.0973276012953723	0.8338398864547062	2	5	238	0.71825812001544	0.4
CHD	4	Blood Vessel Morphogenesis (GO:0048514)	"CHD	Blood Vessel Morphogenesis (GO:0048514)"	CHD	CHD	5.294966741974839	0.0057146755353372205	5	5	124	0.0005467108364131276	1.0
CHD	4	Blood Vessel Morphogenesis (GO:0048514)	"CHD	Blood Vessel Morphogenesis (GO:0048514)"	CHD	SCZ	1.2145810109972948	0.5685651837085739	2	5	130	0.3383363241082711	0.4
CHD	4	Blood Vessel Morphogenesis (GO:0048514)	"CHD	Blood Vessel Morphogenesis (GO:0048514)"	CHD	T2D	2.0674234883971616	0.5513201139311142	2	5	81	0.15909838959134356	0.4
CHD	4	Blood Vessel Morphogenesis (GO:0048514)	"CHD	Blood Vessel Morphogenesis (GO:0048514)"	CHD	AD	1.1687876777406137	0.6269440730342254	1	5	71	0.5003259563233916	0.2
CHD	5	Regulation of DNA Repair (GO:0006282)	"CHD	Regulation of DNA Repair (GO:0006282)"	CHD	ASD	2.3064566861249225	0.12170733380151583	10	12	257	0.010195741048525485	0.8333333333333334
CHD	5	Regulation of DNA Repair (GO:0006282)	"CHD	Regulation of DNA Repair (GO:0006282)"	CHD	epilepsy	1.8720178471864382	0.1469256254655698	9	12	238	0.025672359031712076	0.75
CHD	5	Regulation of DNA Repair (GO:0006282)	"CHD	Regulation of DNA Repair (GO:0006282)"	CHD	CHD	3.960806283347493	0.000505069900194357	10	12	124	1.0940142242477046e-05	0.8333333333333334
CHD	5	Regulation of DNA Repair (GO:0006282)	"CHD	Regulation of DNA Repair (GO:0006282)"	CHD	SCZ	0.2498225921767863	0.7624108532185143	3	12	130	0.5677813220271682	0.25
CHD	5	Regulation of DNA Repair (GO:0006282)	"CHD	Regulation of DNA Repair (GO:0006282)"	CHD	T2D	0.4606487681132811	0.7625204101585428	2	12	81	0.5480889055191961	0.16666666666666666
CHD	5	Regulation of DNA Repair (GO:0006282)	"CHD	Regulation of DNA Repair (GO:0006282)"	CHD	AD	2.381429106636024	0.06417228552688911	5	12	71	0.011942195725461346	0.4166666666666667
bipolar	1	Transmitter-gated Monoatomic Ion Channel Activity (GO:0022824)	"bipolar	Transmitter-gated Monoatomic Ion Channel Activity (GO:0022824)"	bipolar	ASD	2.5455541161629207	0.15020417964092855	7	8	257	0.022234171328426925	0.875
bipolar	1	Transmitter-gated Monoatomic Ion Channel Activity (GO:0022824)	"bipolar	Transmitter-gated Monoatomic Ion Channel Activity (GO:0022824)"	bipolar	epilepsy	1.7958741754788177	0.24175420366168054	6	8	238	0.07180817930544967	0.75
bipolar	1	Transmitter-gated Monoatomic Ion Channel Activity (GO:0022824)	"bipolar	Transmitter-gated Monoatomic Ion Channel Activity (GO:0022824)"	bipolar	bipolar	5.485958522078821	0.0004603603059400687	7	8	61	1.096095966523973e-06	0.875
bipolar	1	Transmitter-gated Monoatomic Ion Channel Activity (GO:0022824)	"bipolar	Transmitter-gated Monoatomic Ion Channel Activity (GO:0022824)"	bipolar	SCZ	4.086087863742508	0.013467272503114452	7	8	130	0.0002330835789255683	0.875
bipolar	1	Transmitter-gated Monoatomic Ion Channel Activity (GO:0022824)	"bipolar	Transmitter-gated Monoatomic Ion Channel Activity (GO:0022824)"	bipolar	T2D	1.1650309500874456	0.6949792170895382	2	8	81	0.3342585412855495	0.25
bipolar	1	Transmitter-gated Monoatomic Ion Channel Activity (GO:0022824)	"bipolar	Transmitter-gated Monoatomic Ion Channel Activity (GO:0022824)"	bipolar	AD	2.1401554974808894	0.20586037544952712	3	8	71	0.07155898665180523	0.375
bipolar	2	Positive Regulation of Cellular Component Organization (GO:0051130)	"bipolar	Positive Regulation of Cellular Component Organization (GO:0051130)"	bipolar	ASD	1.1010645596824897	0.42117443791291775	6	9	257	0.19188374885177337	0.6666666666666666
bipolar	2	Positive Regulation of Cellular Component Organization (GO:0051130)	"bipolar	Positive Regulation of Cellular Component Organization (GO:0051130)"	bipolar	epilepsy	2.936965753123847	0.07805077528712473	8	9	238	0.0064398329444822384	0.8888888888888888
bipolar	2	Positive Regulation of Cellular Component Organization (GO:0051130)	"bipolar	Positive Regulation of Cellular Component Organization (GO:0051130)"	bipolar	CHD	0.19092656071609632	0.8500759755365564	2	9	124	0.6388414561521778	0.2222222222222222
bipolar	2	Positive Regulation of Cellular Component Organization (GO:0051130)	"bipolar	Positive Regulation of Cellular Component Organization (GO:0051130)"	bipolar	bipolar	3.3926551401989897	0.026736868836347467	5	9	61	0.0012731842303022602	0.5555555555555556
bipolar	2	Positive Regulation of Cellular Component Organization (GO:0051130)	"bipolar	Positive Regulation of Cellular Component Organization (GO:0051130)"	bipolar	SCZ	2.638715251376822	0.09689296806735596	6	9	130	0.006994034666833793	0.6666666666666666
bipolar	2	Positive Regulation of Cellular Component Organization (GO:0051130)	"bipolar	Positive Regulation of Cellular Component Organization (GO:0051130)"	bipolar	T2D	0.016769619001974122	0.8184436259131794	1	9	81	0.7643180955421676	0.1111111111111111
bipolar	2	Positive Regulation of Cellular Component Organization (GO:0051130)	"bipolar	Positive Regulation of Cellular Component Organization (GO:0051130)"	bipolar	AD	3.75599419845598	0.006342257306683477	6	9	71	0.00023263086850133828	0.6666666666666666
bipolar	3	Synapse Assembly (GO:0007416)	"bipolar	Synapse Assembly (GO:0007416)"	bipolar	ASD	3.048363021561399	0.07346382107834705	10	11	257	0.002899887674145278	0.9090909090909091
bipolar	3	Synapse Assembly (GO:0007416)	"bipolar	Synapse Assembly (GO:0007416)"	bipolar	epilepsy	2.3620985333628965	0.10584593516735143	9	11	238	0.010305132301771838	0.8181818181818182
bipolar	3	Synapse Assembly (GO:0007416)	"bipolar	Synapse Assembly (GO:0007416)"	bipolar	CHD	0.5041633897518274	0.6923128856355945	3	11	124	0.4673736809164482	0.2727272727272727
bipolar	3	Synapse Assembly (GO:0007416)	"bipolar	Synapse Assembly (GO:0007416)"	bipolar	bipolar	3.36694508856877	0.014795499096063551	6	11	61	0.000436031291584859	0.5454545454545454
bipolar	3	Synapse Assembly (GO:0007416)	"bipolar	Synapse Assembly (GO:0007416)"	bipolar	SCZ	2.490771047947076	0.07635975249584014	7	11	130	0.004974138806947332	0.6363636363636364
bipolar	3	Synapse Assembly (GO:0007416)	"bipolar	Synapse Assembly (GO:0007416)"	bipolar	T2D	0.6081749722507571	0.7625204101585428	2	11	81	0.49901258756653005	0.18181818181818182
bipolar	3	Synapse Assembly (GO:0007416)	"bipolar	Synapse Assembly (GO:0007416)"	bipolar	AD	-0.07192492680262333	0.8003280994289397	1	11	71	0.7846353915969997	0.09090909090909091
bipolar	4	Monoatomic Cation Transmembrane Transport (GO:0098655)	"bipolar	Monoatomic Cation Transmembrane Transport (GO:0098655)"	bipolar	ASD	1.8415106305308655	0.09502754909736177	16	21	257	0.00516505730165761	0.7619047619047619
bipolar	4	Monoatomic Cation Transmembrane Transport (GO:0098655)	"bipolar	Monoatomic Cation Transmembrane Transport (GO:0098655)"	bipolar	epilepsy	2.8912591972280897	0.017589923711859152	18	21	238	5.805255350448565e-05	0.8571428571428571
bipolar	4	Monoatomic Cation Transmembrane Transport (GO:0098655)	"bipolar	Monoatomic Cation Transmembrane Transport (GO:0098655)"	bipolar	CHD	-2.0538451934065773	0.9958284439150625	1	21	124	0.9958284439150626	0.047619047619047616
bipolar	4	Monoatomic Cation Transmembrane Transport (GO:0098655)	"bipolar	Monoatomic Cation Transmembrane Transport (GO:0098655)"	bipolar	bipolar	3.0846300540245544	0.001926625559272615	10	21	61	1.834881485021538e-05	0.47619047619047616
bipolar	4	Monoatomic Cation Transmembrane Transport (GO:0098655)	"bipolar	Monoatomic Cation Transmembrane Transport (GO:0098655)"	bipolar	SCZ	1.6335857721327942	0.11124360179406315	10	21	130	0.012338638931383764	0.47619047619047616
bipolar	4	Monoatomic Cation Transmembrane Transport (GO:0098655)	"bipolar	Monoatomic Cation Transmembrane Transport (GO:0098655)"	bipolar	T2D	1.6610483238208356	0.25670966384999594	7	21	81	0.023748637712402994	0.3333333333333333
bipolar	4	Monoatomic Cation Transmembrane Transport (GO:0098655)	"bipolar	Monoatomic Cation Transmembrane Transport (GO:0098655)"	bipolar	AD	1.216180592403185	0.25788703322828377	5	21	71	0.12070242299691472	0.23809523809523808
bipolar	5	Response to Amyloid-Beta (GO:1904645)	"bipolar	Response to Amyloid-Beta (GO:1904645)"	bipolar	ASD	-0.05372953131121451	0.8613459438450316	5	11	257	0.6488428326990534	0.45454545454545453
bipolar	5	Response to Amyloid-Beta (GO:1904645)	"bipolar	Response to Amyloid-Beta (GO:1904645)"	bipolar	epilepsy	2.3620985333628965	0.10584593516735143	9	11	238	0.010305132301771838	0.8181818181818182
bipolar	5	Response to Amyloid-Beta (GO:1904645)	"bipolar	Response to Amyloid-Beta (GO:1904645)"	bipolar	CHD	-1.0535494682767343	0.9518721840799325	1	11	124	0.9415630990537961	0.09090909090909091
bipolar	5	Response to Amyloid-Beta (GO:1904645)	"bipolar	Response to Amyloid-Beta (GO:1904645)"	bipolar	bipolar	2.8561850175578587	0.04207771982852243	5	11	61	0.00390721684121994	0.45454545454545453
bipolar	5	Response to Amyloid-Beta (GO:1904645)	"bipolar	Response to Amyloid-Beta (GO:1904645)"	bipolar	SCZ	3.710270727500786	0.010069963995805101	9	11	130	6.502196207962662e-05	0.8181818181818182
bipolar	5	Response to Amyloid-Beta (GO:1904645)	"bipolar	Response to Amyloid-Beta (GO:1904645)"	bipolar	T2D	-0.29435074888318663	0.8625051575136199	1	11	81	0.8296642797726203	0.09090909090909091
bipolar	5	Response to Amyloid-Beta (GO:1904645)	"bipolar	Response to Amyloid-Beta (GO:1904645)"	bipolar	AD	4.859572056817247	3.534857161384315e-05	9	11	71	2.772436989321031e-07	0.8181818181818182
SCZ	1	Dendritic Spine Organization (GO:0097061)	"SCZ	Dendritic Spine Organization (GO:0097061)"	SCZ	ASD	1.0495070427521058	0.5369822957184888	4	6	257	0.2835054554697942	0.6666666666666666
SCZ	1	Dendritic Spine Organization (GO:0097061)	"SCZ	Dendritic Spine Organization (GO:0097061)"	SCZ	epilepsy	2.290278731230481	0.22082794648946813	5	6	238	0.057211200658162535	0.8333333333333334
SCZ	1	Dendritic Spine Organization (GO:0097061)	"SCZ	Dendritic Spine Organization (GO:0097061)"	SCZ	CHD	-0.10344752855873658	0.8776946406670586	1	6	124	0.7858060320773665	0.16666666666666666
SCZ	1	Dendritic Spine Organization (GO:0097061)	"SCZ	Dendritic Spine Organization (GO:0097061)"	SCZ	bipolar	2.1805128155562987	0.4411788986819194	2	6	61	0.13550494745230382	0.3333333333333333
SCZ	1	Dendritic Spine Organization (GO:0097061)	"SCZ	Dendritic Spine Organization (GO:0097061)"	SCZ	SCZ	5.456399776328155	0.013467272503114452	6	6	130	0.00015941722594070155	1.0
SCZ	1	Dendritic Spine Organization (GO:0097061)	"SCZ	Dendritic Spine Organization (GO:0097061)"	SCZ	T2D	0.6541487903518948	0.7625204101585428	1	6	81	0.6173511937956939	0.16666666666666666
SCZ	1	Dendritic Spine Organization (GO:0097061)	"SCZ	Dendritic Spine Organization (GO:0097061)"	SCZ	AD	2.7983003209494153	0.11781631628821516	3	6	71	0.03095565957376634	0.5
SCZ	2	Postsynaptic Density Assembly (GO:0097107)	"SCZ	Postsynaptic Density Assembly (GO:0097107)"	SCZ	ASD	3.676508734108192	0.15020417964092855	5	5	257	0.021815840282750746	1.0
SCZ	2	Postsynaptic Density Assembly (GO:0097107)	"SCZ	Postsynaptic Density Assembly (GO:0097107)"	SCZ	epilepsy	3.8798652584770847	0.11081870467946009	5	5	238	0.014812401120521892	1.0
SCZ	2	Postsynaptic Density Assembly (GO:0097107)	"SCZ	Postsynaptic Density Assembly (GO:0097107)"	SCZ	CHD	0.18947779886371255	0.8500759755365564	1	5	124	0.7227180225229568	0.2
SCZ	2	Postsynaptic Density Assembly (GO:0097107)	"SCZ	Postsynaptic Density Assembly (GO:0097107)"	SCZ	bipolar	3.5443205162238103	0.08150399981229406	3	5	61	0.011061257117382765	0.6
SCZ	2	Postsynaptic Density Assembly (GO:0097107)	"SCZ	Postsynaptic Density Assembly (GO:0097107)"	SCZ	SCZ	5.20385005494167	0.024707087076099313	5	5	130	0.0006950591051014588	1.0
SCZ	2	Postsynaptic Density Assembly (GO:0097107)	"SCZ	Postsynaptic Density Assembly (GO:0097107)"	SCZ	T2D	2.0674234883971616	0.5513201139311142	2	5	81	0.15909838959134356	0.4
SCZ	2	Postsynaptic Density Assembly (GO:0097107)	"SCZ	Postsynaptic Density Assembly (GO:0097107)"	SCZ	AD	2.291964504016193	0.25788703322828377	2	5	71	0.12688535525982114	0.4
SCZ	3	Response to Amyloid-Beta (GO:1904645)	"SCZ	Response to Amyloid-Beta (GO:1904645)"	SCZ	ASD	-0.05372953131121451	0.8613459438450316	5	11	257	0.6488428326990534	0.45454545454545453
SCZ	3	Response to Amyloid-Beta (GO:1904645)	"SCZ	Response to Amyloid-Beta (GO:1904645)"	SCZ	epilepsy	2.3620985333628965	0.10584593516735143	9	11	238	0.010305132301771838	0.8181818181818182
SCZ	3	Response to Amyloid-Beta (GO:1904645)	"SCZ	Response to Amyloid-Beta (GO:1904645)"	SCZ	CHD	-1.0535494682767343	0.9518721840799325	1	11	124	0.9415630990537961	0.09090909090909091
SCZ	3	Response to Amyloid-Beta (GO:1904645)	"SCZ	Response to Amyloid-Beta (GO:1904645)"	SCZ	bipolar	2.8561850175578587	0.04207771982852243	5	11	61	0.00390721684121994	0.45454545454545453
SCZ	3	Response to Amyloid-Beta (GO:1904645)	"SCZ	Response to Amyloid-Beta (GO:1904645)"	SCZ	SCZ	3.710270727500786	0.010069963995805101	9	11	130	6.502196207962662e-05	0.8181818181818182
SCZ	3	Response to Amyloid-Beta (GO:1904645)	"SCZ	Response to Amyloid-Beta (GO:1904645)"	SCZ	T2D	-0.29435074888318663	0.8625051575136199	1	11	81	0.8296642797726203	0.09090909090909091
SCZ	3	Response to Amyloid-Beta (GO:1904645)	"SCZ	Response to Amyloid-Beta (GO:1904645)"	SCZ	AD	4.859572056817247	3.534857161384315e-05	9	11	71	2.772436989321031e-07	0.8181818181818182
SCZ	4	Memory (GO:0007613)	"SCZ	Memory (GO:0007613)"	SCZ	ASD	1.313263233760235	0.3596149699879338	7	10	257	0.1212517579729053	0.7
SCZ	4	Memory (GO:0007613)	"SCZ	Memory (GO:0007613)"	SCZ	epilepsy	2.1953612641541205	0.1257405930872925	8	10	238	0.02012679460308147	0.8
SCZ	4	Memory (GO:0007613)	"SCZ	Memory (GO:0007613)"	SCZ	CHD	-0.9056998569456925	0.9498598033471225	1	10	124	0.9241444074256007	0.1
SCZ	4	Memory (GO:0007613)	"SCZ	Memory (GO:0007613)"	SCZ	bipolar	1.9444847390211237	0.3642357955632752	3	10	61	0.08840747619131199	0.3
SCZ	4	Memory (GO:0007613)	"SCZ	Memory (GO:0007613)"	SCZ	SCZ	3.53798061991075	0.013467272503114452	8	10	130	0.00023709986801257837	0.8
SCZ	4	Memory (GO:0007613)	"SCZ	Memory (GO:0007613)"	SCZ	T2D	0.771769135998442	0.7625204101585428	2	10	81	0.4467356401821678	0.2
SCZ	4	Memory (GO:0007613)	"SCZ	Memory (GO:0007613)"	SCZ	AD	2.8349818415199195	0.03920943697174428	5	10	71	0.004689756186816473	0.5
SCZ	5	Chemical Synaptic Transmission (GO:0007268)	"SCZ	Chemical Synaptic Transmission (GO:0007268)"	SCZ	ASD	1.45744085696924	0.12170733380151583	19	27	257	0.009661620943285465	0.7037037037037037
SCZ	5	Chemical Synaptic Transmission (GO:0007268)	"SCZ	Chemical Synaptic Transmission (GO:0007268)"	SCZ	epilepsy	1.9342005093276964	0.03984764444347404	20	27	238	0.0009034863517234464	0.7407407407407407
SCZ	5	Chemical Synaptic Transmission (GO:0007268)	"SCZ	Chemical Synaptic Transmission (GO:0007268)"	SCZ	bipolar	2.9505675363293493	0.0007923992468316537	12	27	61	5.659994620226098e-06	0.4444444444444444
SCZ	5	Chemical Synaptic Transmission (GO:0007268)	"SCZ	Chemical Synaptic Transmission (GO:0007268)"	SCZ	SCZ	2.359348016845505	0.010069963995805101	16	27	130	4.943638132789614e-05	0.5925925925925926
SCZ	5	Chemical Synaptic Transmission (GO:0007268)	"SCZ	Chemical Synaptic Transmission (GO:0007268)"	SCZ	T2D	1.6771472352805594	0.24491551801447775	9	27	81	0.010338350241729945	0.3333333333333333
SCZ	5	Chemical Synaptic Transmission (GO:0007268)	"SCZ	Chemical Synaptic Transmission (GO:0007268)"	SCZ	AD	1.382032386856215	0.16086900427665607	7	27	71	0.04660518468918683	0.25925925925925924
AD	1	Positive Regulation of Cholesterol Efflux (GO:0010875)	"AD	Positive Regulation of Cholesterol Efflux (GO:0010875)"	AD	ASD	1.7914133781885824	0.36465419136044547	4	5	257	0.14814076524018097	0.8
AD	1	Positive Regulation of Cholesterol Efflux (GO:0010875)	"AD	Positive Regulation of Cholesterol Efflux (GO:0010875)"	AD	epilepsy	1.9946067412297817	0.2820426869096094	4	5	238	0.11356174192400115	0.8
AD	1	Positive Regulation of Cholesterol Efflux (GO:0010875)	"AD	Positive Regulation of Cholesterol Efflux (GO:0010875)"	AD	CHD	0.18947779886371255	0.8500759755365564	1	5	124	0.7227180225229568	0.2
AD	1	Positive Regulation of Cholesterol Efflux (GO:0010875)	"AD	Positive Regulation of Cholesterol Efflux (GO:0010875)"	AD	bipolar	1.4195017474234415	0.6980628593121022	1	5	61	0.44570611336647714	0.2
AD	1	Positive Regulation of Cholesterol Efflux (GO:0010875)	"AD	Positive Regulation of Cholesterol Efflux (GO:0010875)"	AD	SCZ	3.314495926466669	0.11124360179406315	4	5	130	0.012279377523459103	0.8
AD	1	Positive Regulation of Cholesterol Efflux (GO:0010875)	"AD	Positive Regulation of Cholesterol Efflux (GO:0010875)"	AD	T2D	0.9467579787230205	0.7625204101585428	1	5	81	0.550552587540201	0.2
AD	1	Positive Regulation of Cholesterol Efflux (GO:0010875)	"AD	Positive Regulation of Cholesterol Efflux (GO:0010875)"	AD	AD	6.3095361881542384	0.0014657878731885946	5	5	71	3.161503255896969e-05	1.0
AD	2	Regulation of Amyloid Precursor Protein Catabolic Process (GO:1902991)	"AD	Regulation of Amyloid Precursor Protein Catabolic Process (GO:1902991)"	AD	ASD	1.7914133781885824	0.36465419136044547	4	5	257	0.14814076524018097	0.8
AD	2	Regulation of Amyloid Precursor Protein Catabolic Process (GO:1902991)	"AD	Regulation of Amyloid Precursor Protein Catabolic Process (GO:1902991)"	AD	epilepsy	0.8842930357779398	0.5501428488499721	3	5	238	0.3749323375825718	0.6
AD	2	Regulation of Amyloid Precursor Protein Catabolic Process (GO:1902991)	"AD	Regulation of Amyloid Precursor Protein Catabolic Process (GO:1902991)"	AD	CHD	0.18947779886371255	0.8500759755365564	1	5	124	0.7227180225229568	0.2
AD	2	Regulation of Amyloid Precursor Protein Catabolic Process (GO:1902991)	"AD	Regulation of Amyloid Precursor Protein Catabolic Process (GO:1902991)"	AD	bipolar	1.4195017474234415	0.6980628593121022	1	5	61	0.44570611336647714	0.2
AD	2	Regulation of Amyloid Precursor Protein Catabolic Process (GO:1902991)	"AD	Regulation of Amyloid Precursor Protein Catabolic Process (GO:1902991)"	AD	SCZ	1.2145810109972948	0.5685651837085739	2	5	130	0.3383363241082711	0.4
AD	2	Regulation of Amyloid Precursor Protein Catabolic Process (GO:1902991)	"AD	Regulation of Amyloid Precursor Protein Catabolic Process (GO:1902991)"	AD	T2D	0.9467579787230205	0.7625204101585428	1	5	81	0.550552587540201	0.2
AD	2	Regulation of Amyloid Precursor Protein Catabolic Process (GO:1902991)	"AD	Regulation of Amyloid Precursor Protein Catabolic Process (GO:1902991)"	AD	AD	6.3095361881542384	0.0014657878731885946	5	5	71	3.161503255896969e-05	1.0
AD	3	Response to Amyloid-Beta (GO:1904645)	"AD	Response to Amyloid-Beta (GO:1904645)"	AD	ASD	-0.05372953131121451	0.8613459438450316	5	11	257	0.6488428326990534	0.45454545454545453
AD	3	Response to Amyloid-Beta (GO:1904645)	"AD	Response to Amyloid-Beta (GO:1904645)"	AD	epilepsy	2.3620985333628965	0.10584593516735143	9	11	238	0.010305132301771838	0.8181818181818182
AD	3	Response to Amyloid-Beta (GO:1904645)	"AD	Response to Amyloid-Beta (GO:1904645)"	AD	CHD	-1.0535494682767343	0.9518721840799325	1	11	124	0.9415630990537961	0.09090909090909091
AD	3	Response to Amyloid-Beta (GO:1904645)	"AD	Response to Amyloid-Beta (GO:1904645)"	AD	bipolar	2.8561850175578587	0.04207771982852243	5	11	61	0.00390721684121994	0.45454545454545453
AD	3	Response to Amyloid-Beta (GO:1904645)	"AD	Response to Amyloid-Beta (GO:1904645)"	AD	SCZ	3.710270727500786	0.010069963995805101	9	11	130	6.502196207962662e-05	0.8181818181818182
AD	3	Response to Amyloid-Beta (GO:1904645)	"AD	Response to Amyloid-Beta (GO:1904645)"	AD	T2D	-0.29435074888318663	0.8625051575136199	1	11	81	0.8296642797726203	0.09090909090909091
AD	3	Response to Amyloid-Beta (GO:1904645)	"AD	Response to Amyloid-Beta (GO:1904645)"	AD	AD	4.859572056817247	3.534857161384315e-05	9	11	71	2.772436989321031e-07	0.8181818181818182
AD	4	Chemical Synaptic Transmission, Postsynaptic (GO:0099565)	"AD	Chemical Synaptic Transmission, Postsynaptic (GO:0099565)"	AD	ASD	2.0866223547477505	0.2811420657254459	5	6	257	0.08045842012537432	0.8333333333333334
AD	4	Chemical Synaptic Transmission, Postsynaptic (GO:0099565)	"AD	Chemical Synaptic Transmission, Postsynaptic (GO:0099565)"	AD	epilepsy	2.290278731230481	0.22082794648946813	5	6	238	0.057211200658162535	0.8333333333333334
AD	4	Chemical Synaptic Transmission, Postsynaptic (GO:0099565)	"AD	Chemical Synaptic Transmission, Postsynaptic (GO:0099565)"	AD	CHD	-0.10344752855873658	0.8776946406670586	1	6	124	0.7858060320773665	0.16666666666666666
AD	4	Chemical Synaptic Transmission, Postsynaptic (GO:0099565)	"AD	Chemical Synaptic Transmission, Postsynaptic (GO:0099565)"	AD	bipolar	3.931765264247548	0.027291586004638303	4	6	61	0.0017437726887528935	0.6666666666666666
AD	4	Chemical Synaptic Transmission, Postsynaptic (GO:0099565)	"AD	Chemical Synaptic Transmission, Postsynaptic (GO:0099565)"	AD	SCZ	3.6154525644051922	0.05512771742525291	5	6	130	0.0033732685009052452	0.8333333333333334
AD	4	Chemical Synaptic Transmission, Postsynaptic (GO:0099565)	"AD	Chemical Synaptic Transmission, Postsynaptic (GO:0099565)"	AD	T2D	0.6541487903518948	0.7625204101585428	1	6	81	0.6173511937956939	0.16666666666666666
AD	4	Chemical Synaptic Transmission, Postsynaptic (GO:0099565)	"AD	Chemical Synaptic Transmission, Postsynaptic (GO:0099565)"	AD	AD	4.721561796900977	0.005436190346206327	5	6	71	0.00017054714811627693	0.8333333333333334
AD	5	Tau Protein Binding (GO:0048156)	"AD	Tau Protein Binding (GO:0048156)"	AD	ASD	2.4435420979922355	0.09502754909736177	11	13	257	0.005460216888054168	0.8461538461538461
AD	5	Tau Protein Binding (GO:0048156)	"AD	Tau Protein Binding (GO:0048156)"	AD	epilepsy	2.022707744877351	0.11081870467946009	10	13	238	0.01390414822737122	0.7692307692307693
AD	5	Tau Protein Binding (GO:0048156)	"AD	Tau Protein Binding (GO:0048156)"	AD	CHD	1.180185781956553	0.337064826075076	5	13	124	0.14602086328162137	0.38461538461538464
AD	5	Tau Protein Binding (GO:0048156)	"AD	Tau Protein Binding (GO:0048156)"	AD	bipolar	1.984900057828102	0.2343909735688514	4	13	61	0.045509314039903485	0.3076923076923077
AD	5	Tau Protein Binding (GO:0048156)	"AD	Tau Protein Binding (GO:0048156)"	AD	SCZ	1.088675532569364	0.41569404239320124	5	13	130	0.17052238006622517	0.38461538461538464
AD	5	Tau Protein Binding (GO:0048156)	"AD	Tau Protein Binding (GO:0048156)"	AD	T2D	1.492930428815825	0.48571852467473836	4	13	81	0.10950352128793196	0.3076923076923077
AD	5	Tau Protein Binding (GO:0048156)	"AD	Tau Protein Binding (GO:0048156)"	AD	AD	4.00551975819975	0.00029561906656827596	9	13	71	2.898226142826235e-06	0.6923076923076923
