Region	external_gene_name	phenotype	phenotype_full	min_pvalue
ENSG00000057294	PKP2	AFib	Atrial fibrillation	1.33739109406869e-09
ENSG00000102780	DGKH	AFib	Atrial fibrillation	3.75152100852159e-07
ENSG00000117139	KDM5B	AFib	Atrial fibrillation	1.03448122454302e-10
ENSG00000119772	DNMT3A	AFib	Atrial fibrillation	1.74500808913763e-07
ENSG00000128591	FLNC	AFib	Atrial fibrillation	6.54387066822322e-10
ENSG00000134571	MYBPC3	AFib	Atrial fibrillation	4.92941523935592e-20
ENSG00000135063	ENTREP1	AFib	Atrial fibrillation	2.26852683304291e-07
ENSG00000151929	BAG3	AFib	Atrial fibrillation	6.63132833939884e-07
ENSG00000155657	TTN	AFib	Atrial fibrillation	4.16488603830755e-86
ENSG00000160789	LMNA	AFib	Atrial fibrillation	2.04681210554381e-23
ENSG00000178209	PLEC	AFib	Atrial fibrillation	4.77181103675962e-09
ENSG00000203867	RBM20	AFib	Atrial fibrillation	5.57979516661518e-09
ENSG00000167701	GPT	ALT	Alanine transaminase	0
ENSG00000120053	GOT1	AST	Aspartate aminotransferase	0
ENSG00000260314	MRC1	AST	Aspartate aminotransferase	2.0950557454386e-112
ENSG00000196597	ZNF782	Asth	Asthma	5.51776807030488e-07
ENSG00000166603	MC4R	BMI	Body mass index	2.43357917778412e-22
ENSG00000176697	BDNF	BMI	Body mass index	1.44318256822401e-07
ENSG00000012048	BRCA1	BreastCanc	Breast cancer	7.12255962931975e-174
ENSG00000083093	PALB2	BreastCanc	Breast cancer	3.76523134542646e-68
ENSG00000139618	BRCA2	BreastCanc	Breast cancer	1.63606528184022e-248
ENSG00000076242	MLH1	ColonRectCanc	Colon and rectum cancer	7.05323147312636e-62
ENSG00000008710	PKD1	CRF	Chronic renal failure	4.44999477482543e-276
ENSG00000087237	CETP	HDLC	HDL cholesterol	1.01295442490899e-154
ENSG00000110245	APOC3	HDLC	HDL cholesterol	4.43280593686511e-103
ENSG00000165029	ABCA1	HDLC	HDL cholesterol	0
ENSG00000175445	LPL	HDLC	HDL cholesterol	2.3364100358218e-44
ENSG00000213398	LCAT	HDLC	HDL cholesterol	3.81044309094169e-230
ENSG00000112964	GHR	Height	Height	3.46623916849896e-20
ENSG00000140443	IGF1R	Height	Height	3.60763957454827e-27
ENSG00000140470	ADAMTS17	Height	Height	4.87330595046185e-121
ENSG00000157766	ACAN	Height	Height	5.73180420864402e-121
ENSG00000159899	NPR2	Height	Height	3.8509104285931e-64
ENSG00000167522	ANKRD11	Height	Height	1.09827621025726e-38
ENSG00000178177	LCORL	Height	Height	5.23113965754335e-84
ENSG00000071539	TRIP13	HF	Heart failure	2.16941546615002e-08
ENSG00000155657	TTN	HF	Heart failure	1.23878204499098e-108
ENSG00000084674	APOB	LDLC	LDL cholesterol	0
ENSG00000130164	LDLR	LDLC	LDL cholesterol	1.9001364823882e-156
ENSG00000169174	PCSK9	LDLC	LDL cholesterol	1.17639047996065e-205
ENSG00000084674	APOB	TChol	Total cholesterol	0
ENSG00000130164	LDLR	TChol	Total cholesterol	2.87380614279935e-121
ENSG00000132855	ANGPTL3	TChol	Total cholesterol	1.29414467430257e-97
ENSG00000169174	PCSK9	TChol	Total cholesterol	3.76060540221379e-162
ENSG00000084674	APOB	TG	Triglycerides	0
ENSG00000110245	APOC3	TG	Triglycerides	3.1079408487732e-277
ENSG00000175445	LPL	TG	Triglycerides	3.27506184099587e-40
ENSG00000163263	CFAP141	WHRBMI	Waist to hip ratio adjusted for BMI	1.70109277457645e-07
ENSG00000101745	ANKRD12	AlcCons	Alcohol consumption (drinks per week)	1.87349710291369e-11
ENSG00000146830	GIGYF1	AlcCons	Alcohol consumption (drinks per week)	7.89121247469248e-14
ENSG00000173064	HECTD4	AlcCons	Alcohol consumption (drinks per week)	1.74591178918923e-08
ENSG00000107282	APBA1	AlcCons	Alcohol consumption (drinks per week)	1.34688528570816e-07
ENSG00000005471	ABCB4	ALT	Alanine transaminase	7.91947230104472e-51
ENSG00000008710	PKD1	ALT	Alanine transaminase	1.39737335914602e-23
ENSG00000023839	ABCC2	ALT	Alanine transaminase	1.41623327855234e-14
ENSG00000025434	NR1H3	ALT	Alanine transaminase	1.06416603235786e-08
ENSG00000073734	ABCB11	ALT	Alanine transaminase	8.80568235627366e-16
ENSG00000084674	APOB	ALT	Alanine transaminase	2.35850870017112e-25
ENSG00000120889	TNFRSF10B	ALT	Alanine transaminase	1.08459475205462e-09
ENSG00000128849	CGNL1	ALT	Alanine transaminase	2.21495612734731e-09
ENSG00000131482	G6PC1	ALT	Alanine transaminase	1.94186279523417e-08
ENSG00000132589	FLOT2	ALT	Alanine transaminase	6.70483608966275e-09
ENSG00000138823	MTTP	ALT	Alanine transaminase	2.62347268254879e-08
ENSG00000143375	CGN	ALT	Alanine transaminase	1.83219666038276e-08
ENSG00000155657	TTN	ALT	Alanine transaminase	2.48788801302294e-09
ENSG00000169903	TM4SF4	ALT	Alanine transaminase	4.40994812422543e-08
ENSG00000171714	ANO5	ALT	Alanine transaminase	9.43446157951865e-10
ENSG00000173821	RNF213	ALT	Alanine transaminase	1.36596755158348e-08
ENSG00000000971	CFH	AMD	Age-related macular degeneration	1.13034202433923e-10
ENSG00000112619	PRPH2	AMD	Age-related macular degeneration	3.66738343393907e-13
ENSG00000205403	CFI	AMD	Age-related macular degeneration	2.33556397700109e-17
ENSG00000285330	ENSG00000285330	AMD	Age-related macular degeneration	1.20347378731142e-07
ENSG00000134982	APC	BenIntNeo	Benign and in situ intestinal neoplasms	1.34688250238655e-105
ENSG00000112494	UNC93A	BreastCanc	Breast cancer	2.47356016214663e-07
ENSG00000134982	APC	ColonRectCanc	Colon and rectum cancer	5.4744329173748e-35
ENSG00000166152	C16orf78	COPD	Chronic obstructive pulmonary disease	8.39991027639042e-08
ENSG00000135218	CD36	HDLC	HDL cholesterol	9.26902654418339e-66
ENSG00000060566	CREB3L3	TG	Triglycerides	2.31968540975204e-39
ENSG00000132855	ANGPTL3	TG	Triglycerides	8.57600352268413e-135
ENSG00000005471	ABCB4	AST	Aspartate aminotransferase	3.81646502048159e-26
ENSG00000008710	PKD1	AST	Aspartate aminotransferase	6.70605795146969e-18
ENSG00000012504	NR1H4	AST	Aspartate aminotransferase	1.98487655424989e-10
ENSG00000025434	NR1H3	AST	Aspartate aminotransferase	4.63148732096132e-13
ENSG00000073734	ABCB11	AST	Aspartate aminotransferase	8.94199442790069e-09
ENSG00000084674	APOB	AST	Aspartate aminotransferase	3.08367558154472e-25
ENSG00000113851	CRBN	AST	Aspartate aminotransferase	1.50425416369816e-07
ENSG00000116786	PLEKHM2	AST	Aspartate aminotransferase	6.02950444424112e-10
ENSG00000117984	CTSD	AST	Aspartate aminotransferase	4.37380274414843e-09
ENSG00000120889	TNFRSF10B	AST	Aspartate aminotransferase	7.18755301720627e-10
ENSG00000125089	SH3TC1	AST	Aspartate aminotransferase	1.71388165175638e-08
ENSG00000125703	ATG4C	AST	Aspartate aminotransferase	2.43304533073787e-07
ENSG00000135218	CD36	AST	Aspartate aminotransferase	1.46440745416337e-07
ENSG00000138823	MTTP	AST	Aspartate aminotransferase	2.99059772944262e-08
ENSG00000171714	ANO5	AST	Aspartate aminotransferase	4.32124081513791e-12
ENSG00000196712	NF1	AST	Aspartate aminotransferase	4.62075569703681e-14
ENSG00000204301	NOTCH4	AST	Aspartate aminotransferase	3.05335628438092e-09
ENSG00000138246	DNAJC13	AST	Aspartate aminotransferase	1.04486521615555e-11
ENSG00000166136	NDUFB8	AST	Aspartate aminotransferase	1.09635867174382e-12
ENSG00000074370	ATP2A3	Asth	Asthma	3.48671547768142e-07
ENSG00000099381	SETD1A	Asth	Asthma	8.14652092172734e-09
ENSG00000101745	ANKRD12	Asth	Asthma	2.69103633502891e-08
ENSG00000105855	ITGB8	Asth	Asthma	2.86733399654697e-07
ENSG00000075089	ACTR6	BenCervUterNeo	Benign and in situ cervical and uterine neoplasms	3.86586556216703e-07
ENSG00000070413	DGCR2	BenIntNeo	Benign and in situ intestinal neoplasms	9.78999282456186e-08
ENSG00000076242	MLH1	BenIntNeo	Benign and in situ intestinal neoplasms	1.72373417416675e-14
ENSG00000095002	MSH2	BenIntNeo	Benign and in situ intestinal neoplasms	5.43706541927468e-27
ENSG00000116062	MSH6	BenIntNeo	Benign and in situ intestinal neoplasms	3.97470112535788e-19
ENSG00000171862	PTEN	BenIntNeo	Benign and in situ intestinal neoplasms	1.18687337550311e-07
ENSG00000004948	CALCR	BMI	Body mass index	3.18794931592088e-07
ENSG00000024048	UBR2	BMI	Body mass index	2.46029984260718e-09
ENSG00000054523	KIF1B	BMI	Body mass index	1.35551524585222e-08
ENSG00000059915	PSD	BMI	Body mass index	6.11275414682822e-08
ENSG00000080345	RIF1	BMI	Body mass index	5.10673735998473e-11
ENSG00000101191	DIDO1	BMI	Body mass index	5.73632476194621e-10
ENSG00000101745	ANKRD12	BMI	Body mass index	1.32761151879447e-07
ENSG00000107282	APBA1	BMI	Body mass index	6.12529923623852e-09
ENSG00000118482	PHF3	BMI	Body mass index	3.20893763868753e-07
ENSG00000119596	YLPM1	BMI	Body mass index	1.88607807107546e-09
ENSG00000130559	CAMSAP1	BMI	Body mass index	3.01838301496014e-10
ENSG00000135324	MRAP2	BMI	Body mass index	3.90629596348958e-07
ENSG00000137776	SLTM	BMI	Body mass index	4.57906736948855e-16
ENSG00000138688	BLTP1	BMI	Body mass index	4.1441299021606e-12
ENSG00000144357	UBR3	BMI	Body mass index	3.43559442268485e-11
ENSG00000144724	PTPRG	BMI	Body mass index	1.32187943358068e-07
ENSG00000146830	GIGYF1	BMI	Body mass index	1.67513000267297e-08
ENSG00000148516	ZEB1	BMI	Body mass index	1.3794018224716e-08
ENSG00000164061	BSN	BMI	Body mass index	3.50927270591006e-11
ENSG00000165521	EML5	BMI	Body mass index	3.39979499660936e-07
ENSG00000173064	HECTD4	BMI	Body mass index	2.81785611069718e-17
ENSG00000175426	PCSK1	BMI	Body mass index	5.39194104819749e-12
ENSG00000176102	CSTF3	BMI	Body mass index	3.86590779764161e-07
ENSG00000136492	BRIP1	BreastCanc	Breast cancer	3.74379606358928e-07
ENSG00000138376	BARD1	BreastCanc	Breast cancer	2.39207825876893e-14
ENSG00000149311	ATM	BreastCanc	Breast cancer	2.31076189791646e-26
ENSG00000170836	PPM1D	BreastCanc	Breast cancer	2.92502871957161e-07
ENSG00000171862	PTEN	BreastCanc	Breast cancer	1.74635813996071e-11
ENSG00000183765	CHEK2	BreastCanc	Breast cancer	5.09329713581172e-27
ENSG00000130164	LDLR	CAD	Coronary artery disease	9.95043023544872e-23
ENSG00000174348	PODN	CAD	Coronary artery disease	5.39641007230171e-08
ENSG00000095002	MSH2	ColonRectCanc	Colon and rectum cancer	2.08194185135563e-64
ENSG00000104689	TNFRSF10A	ColonRectCanc	Colon and rectum cancer	3.10274565651619e-07
ENSG00000116062	MSH6	ColonRectCanc	Colon and rectum cancer	3.99256983437903e-38
ENSG00000101745	ANKRD12	COPD	Chronic obstructive pulmonary disease	4.72948078399829e-11
ENSG00000168769	TET2	COPD	Chronic obstructive pulmonary disease	2.82941271910883e-08
ENSG00000171456	ASXL1	COPD	Chronic obstructive pulmonary disease	2.34591713006317e-10
ENSG00000075891	PAX2	CRF	Chronic renal failure	2.75744956448122e-14
ENSG00000081052	COL4A4	CRF	Chronic renal failure	1.0913913359151e-07
ENSG00000090520	DNAJB11	CRF	Chronic renal failure	1.08610420832986e-07
ENSG00000118762	PKD2	CRF	Chronic renal failure	1.50035008269665e-61
ENSG00000168769	TET2	CRF	Chronic renal failure	5.13827781980871e-09
ENSG00000187535	IFT140	CRF	Chronic renal failure	2.23208861803598e-08
ENSG00000188153	COL4A5	CRF	Chronic renal failure	1.7785600139509e-09
ENSG00000073734	ABCB11	CRP	C-reactive protein	5.14369082354924e-07
ENSG00000131482	G6PC1	CRP	C-reactive protein	1.21969137801138e-12
ENSG00000132693	CRP	CRP	C-reactive protein	6.40101211477659e-28
ENSG00000162711	NLRP3	CRP	C-reactive protein	6.13802484665837e-10
ENSG00000165029	ABCA1	CRP	C-reactive protein	1.77461054723025e-09
ENSG00000168769	TET2	CRP	C-reactive protein	1.56883120232258e-07
ENSG00000187244	BCAM	CRP	C-reactive protein	5.02746200267029e-11
ENSG00000100079	LGALS2	Height	Height	3.97369879898247e-08
ENSG00000110713	NUP98	Height	Height	5.32207138626805e-11
ENSG00000138109	CYP2C9	Height	Height	1.8948326485304e-07
ENSG00000138398	PPIG	Height	Height	1.93664308907305e-10
ENSG00000205784	ARRDC5	Height	Height	9.141230332236e-09
ENSG00000176153	GPX2	Height	Height	5.06759228031205e-08
ENSG00000161981	SNRNP25	WHRBMI	Waist to hip ratio adjusted for BMI	6.80013269078403e-08
ENSG00000127337	YEATS4	EFRMB	Excess, frequent and irregular menstrual bleeding	1.13754353006742e-08
ENSG00000235173	HGH1	ALT	Alanine transaminase	2.19607673301524e-07
ENSG00000170759	KIF5B	AST	Aspartate aminotransferase	1.50193947950166e-08
ENSG00000008300	CELSR3	BMI	Body mass index	1.84968399277433e-08
ENSG00000115138	POMC	BMI	Body mass index	5.8354124642821e-07
ENSG00000145386	CCNA2	BMI	Body mass index	3.84946868413182e-08
ENSG00000197381	ADARB1	BMI	Body mass index	6.24026861218203e-07
ENSG00000141452	RMC1	BMI	Body mass index	2.85442975317067e-09
ENSG00000188277	C15orf62	BreastCanc	Breast cancer	1.0931321074683e-07
ENSG00000144357	UBR3	COPD	Chronic obstructive pulmonary disease	6.65613507815446e-07
ENSG00000254402	LRRC24	COPD	Chronic obstructive pulmonary disease	8.97974736862686e-08
ENSG00000101752	MIB1	CRF	Chronic renal failure	8.78104461605713e-08
ENSG00000165487	MICU2	CRP	C-reactive protein	6.37679971632188e-07
ENSG00000153558	FBXL2	FemInf	Female infertility	2.6090892226244e-08
ENSG00000008710	PKD1	Gout	Gout	6.355233536737e-37
ENSG00000118762	PKD2	Gout	Gout	4.49494318289874e-10
ENSG00000118777	ABCG2	Gout	Gout	3.28843133759549e-21
ENSG00000169031	COL4A3	Gout	Gout	6.06877769057694e-08
ENSG00000197891	SLC22A12	Gout	Gout	3.59700567526273e-09
ENSG00000010327	STAB1	HDLC	HDL cholesterol	3.64725348673911e-11
ENSG00000025434	NR1H3	HDLC	HDL cholesterol	1.51591094335809e-56
ENSG00000060566	CREB3L3	HDLC	HDL cholesterol	3.35254843058606e-33
ENSG00000072071	ADGRL1	HDLC	HDL cholesterol	3.54313292918851e-07
ENSG00000073060	SCARB1	HDLC	HDL cholesterol	5.79046805340257e-87
ENSG00000084674	APOB	HDLC	HDL cholesterol	1.31476624919948e-30
ENSG00000096968	JAK2	HDLC	HDL cholesterol	9.05859975593612e-19
ENSG00000100979	PLTP	HDLC	HDL cholesterol	6.12570429983684e-10
ENSG00000101670	LIPG	HDLC	HDL cholesterol	8.31839235454501e-53
ENSG00000101745	ANKRD12	HDLC	HDL cholesterol	8.37410742252297e-11
ENSG00000101752	MIB1	HDLC	HDL cholesterol	1.91402937633236e-07
ENSG00000107862	GBF1	HDLC	HDL cholesterol	2.45283826772353e-07
ENSG00000110048	OSBP	HDLC	HDL cholesterol	7.77629898772334e-08
ENSG00000110243	APOA5	HDLC	HDL cholesterol	4.22930306794388e-39
ENSG00000110395	CBL	HDLC	HDL cholesterol	2.15401831670813e-12
ENSG00000111252	SH2B3	HDLC	HDL cholesterol	3.49469221819552e-12
ENSG00000118137	APOA1	HDLC	HDL cholesterol	4.7632346764962e-60
ENSG00000123739	PLA2G12A	HDLC	HDL cholesterol	1.70118383706087e-10
ENSG00000130173	ANGPTL8	HDLC	HDL cholesterol	8.08049546733343e-40
ENSG00000132170	PPARG	HDLC	HDL cholesterol	2.63413209309746e-30
ENSG00000132855	ANGPTL3	HDLC	HDL cholesterol	2.61077605074069e-36
ENSG00000137812	KNL1	HDLC	HDL cholesterol	2.87039097471673e-07
ENSG00000137834	SMAD6	HDLC	HDL cholesterol	1.34312449714225e-10
ENSG00000138078	PREPL	HDLC	HDL cholesterol	3.89106704196739e-09
ENSG00000140479	PCSK6	HDLC	HDL cholesterol	1.65326274034582e-10
ENSG00000141452	RMC1	HDLC	HDL cholesterol	8.12592829239396e-09
ENSG00000146830	GIGYF1	HDLC	HDL cholesterol	1.65245361895702e-13
ENSG00000152270	PDE3B	HDLC	HDL cholesterol	1.33409593109495e-45
ENSG00000161547	SRSF2	HDLC	HDL cholesterol	1.46868854255307e-09
ENSG00000166035	LIPC	HDLC	HDL cholesterol	4.71592582845582e-63
ENSG00000166819	PLIN1	HDLC	HDL cholesterol	7.038335324885e-20
ENSG00000167772	ANGPTL4	HDLC	HDL cholesterol	1.30936122312031e-38
ENSG00000168769	TET2	HDLC	HDL cholesterol	5.10143458711964e-16
ENSG00000170836	PPM1D	HDLC	HDL cholesterol	2.48441970082506e-10
ENSG00000171105	INSR	HDLC	HDL cholesterol	2.73642024517032e-08
ENSG00000173064	HECTD4	HDLC	HDL cholesterol	4.49790356506284e-09
ENSG00000174827	PDZK1	HDLC	HDL cholesterol	5.03067239574936e-07
ENSG00000182871	COL18A1	HDLC	HDL cholesterol	4.14857924164842e-10
ENSG00000213923	CSNK1E	HDLC	HDL cholesterol	1.09397893654987e-08
ENSG00000283900	TPTEP2-CSNK1E	HDLC	HDL cholesterol	2.72601578864045e-08
ENSG00000003137	CYP26B1	Height	Height	2.7794166758957e-13
ENSG00000010803	SCMH1	Height	Height	2.64672840300941e-14
ENSG00000011028	MRC2	Height	Height	3.98036343700955e-11
ENSG00000012232	EXTL3	Height	Height	2.21770921653404e-09
ENSG00000017427	IGF1	Height	Height	6.14692401915504e-12
ENSG00000035928	RFC1	Height	Height	2.89653379649204e-11
ENSG00000049192	ADAMTS6	Height	Height	4.11692832324395e-17
ENSG00000049323	LTBP1	Height	Height	3.32324934243712e-23
ENSG00000055917	PUM2	Height	Height	6.30102290409277e-11
ENSG00000064961	HMG20B	Height	Height	1.45549601448087e-11
ENSG00000065243	PKN2	Height	Height	7.02149339244537e-10
ENSG00000066827	ZFAT	Height	Height	4.95260535646286e-67
ENSG00000067113	PLPP1	Height	Height	1.14463765375928e-14
ENSG00000068078	FGFR3	Height	Height	1.54530190093028e-11
ENSG00000070501	POLB	Height	Height	7.76471061530534e-17
ENSG00000073792	IGF2BP2	Height	Height	6.77437063483377e-23
ENSG00000075413	MARK3	Height	Height	9.8373335558256e-09
ENSG00000075539	FRYL	Height	Height	1.68921997831077e-09
ENSG00000079134	THOC1	Height	Height	1.18196632364967e-10
ENSG00000080839	RBL1	Height	Height	1.1927291976072e-08
ENSG00000082068	WDR70	Height	Height	5.19206982102534e-09
ENSG00000084674	APOB	Height	Height	5.49432179900663e-15
ENSG00000086991	NOX4	Height	Height	3.95367706644686e-18
ENSG00000087460	GNAS	Height	Height	7.23844400666921e-12
ENSG00000088826	SMOX	Height	Height	1.30634426534473e-12
ENSG00000091127	PUS7	Height	Height	3.38026054004315e-08
ENSG00000092148	HECTD1	Height	Height	9.08935528230095e-15
ENSG00000092439	TRPM7	Height	Height	1.5388801463212e-11
ENSG00000092607	TBX15	Height	Height	2.36813638549736e-11
ENSG00000099139	PCSK5	Height	Height	4.61640872240576e-11
ENSG00000099381	SETD1A	Height	Height	5.79315683951829e-07
ENSG00000100281	HMGXB4	Height	Height	6.44988147832259e-08
ENSG00000100603	SNW1	Height	Height	1.4019318295021e-09
ENSG00000100991	TRPC4AP	Height	Height	5.39453311156463e-16
ENSG00000101347	SAMHD1	Height	Height	1.33327764228709e-11
ENSG00000103196	CRISPLD2	Height	Height	5.18355411429244e-60
ENSG00000103326	CAPN15	Height	Height	3.13883727772325e-09
ENSG00000103335	PIEZO1	Height	Height	2.40496739321362e-47
ENSG00000103489	XYLT1	Height	Height	5.22349243696024e-07
ENSG00000103657	HERC1	Height	Height	5.12426036249165e-13
ENSG00000107863	ARHGAP21	Height	Height	4.66874435407042e-09
ENSG00000108821	COL1A1	Height	Height	4.30736909001385e-13
ENSG00000108854	SMURF2	Height	Height	8.83386145492276e-12
ENSG00000109063	MYH3	Height	Height	1.30268468788508e-08
ENSG00000109625	CPZ	Height	Height	5.01287432018894e-08
ENSG00000112414	ADGRG6	Height	Height	1.28623683238976e-07
ENSG00000113389	NPR3	Height	Height	2.39712243219502e-20
ENSG00000113615	SEC24A	Height	Height	1.29771355464398e-09
ENSG00000113658	SMAD5	Height	Height	1.56502927353736e-08
ENSG00000114019	AMOTL2	Height	Height	4.76337442927705e-09
ENSG00000115419	GLS	Height	Height	2.966190598414e-10
ENSG00000116183	PAPPA2	Height	Height	2.25101869278958e-19
ENSG00000116194	ANGPTL1	Height	Height	4.20594103273979e-10
ENSG00000118702	GHRH	Height	Height	3.89204953323179e-27
ENSG00000119574	ZBTB45	Height	Height	2.27799746941709e-11
ENSG00000119596	YLPM1	Height	Height	2.16126457544969e-07
ENSG00000119681	LTBP2	Height	Height	1.92119577865016e-18
ENSG00000120693	SMAD9	Height	Height	4.17150337982963e-07
ENSG00000120733	KDM3B	Height	Height	9.51449552902971e-11
ENSG00000121005	CRISPLD1	Height	Height	1.73320868946831e-51
ENSG00000121853	GHSR	Height	Height	4.38376734195474e-17
ENSG00000123080	CDKN2C	Height	Height	1.39138776450789e-08
ENSG00000123505	AMD1	Height	Height	9.03424386450156e-13
ENSG00000123572	NRK	Height	Height	3.68312162584058e-25
ENSG00000124201	ZNFX1	Height	Height	3.03327780291578e-09
ENSG00000126603	GLIS2	Height	Height	1.69250404863583e-10
ENSG00000126804	ZBTB1	Height	Height	3.95289342359803e-07
ENSG00000127914	AKAP9	Height	Height	1.2624329348111e-08
ENSG00000127948	POR	Height	Height	2.16678137744166e-13
ENSG00000129038	LOXL1	Height	Height	1.57531146143551e-07
ENSG00000129292	PHF20L1	Height	Height	5.80376426788328e-09
ENSG00000130508	PXDN	Height	Height	7.60538458901507e-10
ENSG00000131459	GFPT2	Height	Height	2.88848898217998e-18
ENSG00000131873	CHSY1	Height	Height	1.76697156237767e-09
ENSG00000133056	PIK3C2B	Height	Height	2.20607764808047e-10
ENSG00000134013	LOXL2	Height	Height	9.21977977721138e-19
ENSG00000134294	SLC38A2	Height	Height	5.87269336334587e-12
ENSG00000134569	LRP4	Height	Height	3.69143133522658e-09
ENSG00000136068	FLNB	Height	Height	5.36345368868702e-27
ENSG00000136457	CHAD	Height	Height	3.03791223690793e-13
ENSG00000136859	ANGPTL2	Height	Height	5.75186366887077e-28
ENSG00000138336	TET1	Height	Height	4.81551701122154e-20
ENSG00000138669	PRKG2	Height	Height	2.75861709273706e-11
ENSG00000138685	FGF2	Height	Height	3.99022380104417e-23
ENSG00000138768	USO1	Height	Height	6.68924967582406e-07
ENSG00000138813	C4orf17	Height	Height	8.60252503098645e-10
ENSG00000139044	B4GALNT3	Height	Height	4.58224258676705e-21
ENSG00000139209	SLC38A4	Height	Height	7.75908657127963e-09
ENSG00000139218	SCAF11	Height	Height	4.72418885575964e-09
ENSG00000140092	FBLN5	Height	Height	2.84215983105162e-11
ENSG00000142002	DPP9	Height	Height	1.67217547686785e-09
ENSG00000142303	ADAMTS10	Height	Height	5.81857804110592e-30
ENSG00000143341	HMCN1	Height	Height	1.15350487968695e-13
ENSG00000143382	ADAMTSL4	Height	Height	3.06142933523894e-08
ENSG00000143476	DTL	Height	Height	9.40231624018371e-34
ENSG00000143554	SLC27A3	Height	Height	5.20029017271506e-10
ENSG00000143776	CDC42BPA	Height	Height	1.8629764267158e-08
ENSG00000144785	ENSG00000144785	Height	Height	6.1014858514391e-20
ENSG00000144810	COL8A1	Height	Height	1.79902452139814e-10
ENSG00000146197	SCUBE3	Height	Height	6.0333078862604e-61
ENSG00000147854	UHRF2	Height	Height	4.73827103057468e-09
ENSG00000147905	ZCCHC7	Height	Height	1.50736202282872e-07
ENSG00000149177	PTPRJ	Height	Height	3.48233885817108e-17
ENSG00000149218	ENDOD1	Height	Height	2.85473972027258e-07
ENSG00000149257	SERPINH1	Height	Height	3.26687753676607e-27
ENSG00000149948	HMGA2	Height	Height	1.53665835925377e-14
ENSG00000150457	LATS2	Height	Height	4.1666492502455e-07
ENSG00000150961	SEC24D	Height	Height	2.15757157211443e-11
ENSG00000151422	FER	Height	Height	7.39392393343778e-09
ENSG00000151468	CCDC3	Height	Height	2.56933208426686e-13
ENSG00000151718	WWC2	Height	Height	9.81447676726761e-14
ENSG00000152104	PTPN14	Height	Height	1.46051018153977e-07
ENSG00000152270	PDE3B	Height	Height	1.1648991535854e-13
ENSG00000152527	PLEKHH2	Height	Height	7.20785844623574e-09
ENSG00000152894	PTPRK	Height	Height	1.28376583559852e-11
ENSG00000152952	PLOD2	Height	Height	1.36941866149718e-15
ENSG00000153162	BMP6	Height	Height	1.15699538569812e-07
ENSG00000153956	CACNA2D1	Height	Height	4.37520222268882e-09
ENSG00000154767	XPC	Height	Height	1.50059368556935e-07
ENSG00000155657	TTN	Height	Height	3.98745591930582e-15
ENSG00000156140	ADAMTS3	Height	Height	1.55086143571688e-26
ENSG00000156304	SCAF4	Height	Height	2.39034181130176e-07
ENSG00000162733	DDR2	Height	Height	8.6312459248116e-24
ENSG00000162998	FRZB	Height	Height	3.45172295167538e-07
ENSG00000163209	SPRR3	Height	Height	3.7835304851457e-08
ENSG00000163273	NPPC	Height	Height	1.84279144125542e-09
ENSG00000163501	IHH	Height	Height	4.18055833999919e-67
ENSG00000163754	GYG1	Height	Height	5.70730401678768e-09
ENSG00000163872	YEATS2	Height	Height	1.93913467711272e-11
ENSG00000164151	ICE1	Height	Height	2.09382077893398e-15
ENSG00000164327	RICTOR	Height	Height	3.97003178198707e-08
ENSG00000164741	DLC1	Height	Height	3.41481849452699e-12
ENSG00000165244	ZNF367	Height	Height	2.2346540153259e-13
ENSG00000165458	INPPL1	Height	Height	1.03155654127819e-10
ENSG00000166033	HTRA1	Height	Height	1.31878916290763e-15
ENSG00000166147	FBN1	Height	Height	3.13620640445852e-20
ENSG00000166509	CLEC3A	Height	Height	2.9087688486082e-11
ENSG00000167081	PBX3	Height	Height	1.5490904892391e-08
ENSG00000167333	TRIM68	Height	Height	2.51105554330218e-07
ENSG00000167601	AXL	Height	Height	3.85439510445183e-12
ENSG00000167992	VWCE	Height	Height	5.5762421773194e-10
ENSG00000168016	TRANK1	Height	Height	4.82779659834295e-11
ENSG00000168763	CNNM3	Height	Height	1.84450680831521e-08
ENSG00000169047	IRS1	Height	Height	1.85564559239069e-39
ENSG00000169231	THBS3	Height	Height	2.29494529174127e-29
ENSG00000169604	ANTXR1	Height	Height	1.10023763366695e-13
ENSG00000169710	FASN	Height	Height	3.35850131549388e-11
ENSG00000169836	TACR3	Height	Height	3.08075718168087e-12
ENSG00000171150	SOCS5	Height	Height	4.13384168738544e-12
ENSG00000171502	COL24A1	Height	Height	7.59577633712399e-12
ENSG00000171621	SPSB1	Height	Height	1.21958722764932e-09
ENSG00000171812	COL8A2	Height	Height	4.01724538155247e-13
ENSG00000173894	CBX2	Height	Height	2.03739864476357e-07
ENSG00000173905	GOLIM4	Height	Height	2.99202546687342e-08
ENSG00000174233	ADCY6	Height	Height	4.35533877702314e-10
ENSG00000175325	PROP1	Height	Height	4.8354690727739e-08
ENSG00000176658	MYO1D	Height	Height	3.65065974676138e-13
ENSG00000176971	FIBIN	Height	Height	1.02089643111191e-17
ENSG00000177453	NIM1K	Height	Height	3.82034431760357e-10
ENSG00000177853	ZNF518A	Height	Height	5.19499150490345e-17
ENSG00000178252	WDR6	Height	Height	2.71536719346257e-14
ENSG00000178971	CTC1	Height	Height	6.86954760832763e-08
ENSG00000179241	LDLRAD3	Height	Height	2.58668117321552e-08
ENSG00000179295	PTPN11	Height	Height	3.08096160097281e-26
ENSG00000179455	MKRN3	Height	Height	9.76922309868375e-16
ENSG00000181690	PLAG1	Height	Height	1.82205560762658e-08
ENSG00000182197	EXT1	Height	Height	3.55113938964623e-09
ENSG00000182752	PAPPA	Height	Height	1.82687187713477e-18
ENSG00000185960	SHOX	Height	Height	1.03360450909062e-29
ENSG00000187091	PLCD1	Height	Height	1.71901879047693e-08
ENSG00000196712	NF1	Height	Height	1.73689855850938e-51
ENSG00000196739	COL27A1	Height	Height	1.93807118850962e-32
ENSG00000197309	OR10D3	Height	Height	1.32792513877205e-12
ENSG00000197776	KLHDC1	Height	Height	1.36862814804572e-10
ENSG00000197859	ADAMTSL2	Height	Height	1.37466230352887e-24
ENSG00000198586	TLK1	Height	Height	5.40370014260124e-08
ENSG00000198642	KLHL9	Height	Height	5.84627860695203e-10
ENSG00000198756	COLGALT2	Height	Height	9.08394543121923e-10
ENSG00000198793	MTOR	Height	Height	8.54571609469679e-09
ENSG00000198795	ZNF521	Height	Height	5.59577829845606e-11
ENSG00000198873	GRK5	Height	Height	8.59930764306159e-09
ENSG00000204248	COL11A2	Height	Height	2.72496058111997e-08
ENSG00000249709	ZNF564	Height	Height	2.18095486868537e-07
ENSG00000253729	PRKDC	Height	Height	1.76691712114422e-09
ENSG00000254656	RTL1	Height	Height	8.18133983500939e-12
ENSG00000257727	CNPY2	Height	Height	2.77252216894021e-34
ENSG00000259384	GH1	Height	Height	1.25496467598581e-11
ENSG00000285947	ENSG00000285947	Height	Height	5.08800116020222e-14
ENSG00000038219	BOD1L1	Height	Height	5.80325592779287e-11
ENSG00000056097	ZFR	Height	Height	6.34619013705841e-08
ENSG00000101773	RBBP8	Height	Height	2.10574949261297e-07
ENSG00000113916	BCL6	Height	Height	1.68835326239921e-09
ENSG00000119699	TGFB3	Height	Height	4.86487217930139e-09
ENSG00000125844	RRBP1	Height	Height	1.87181089499268e-07
ENSG00000135414	GDF11	Height	Height	1.35398605185779e-07
ENSG00000138829	FBN2	Height	Height	1.18389816328974e-07
ENSG00000163428	LRRC58	Height	Height	2.12431366944908e-13
ENSG00000168056	LTBP3	Height	Height	1.5766986944466e-15
ENSG00000185920	PTCH1	Height	Height	2.07782172169489e-08
ENSG00000064835	POU1F1	Height	Height	3.59351751086629e-09
ENSG00000107625	DDX50	Height	Height	1.11770523765632e-07
ENSG00000092054	MYH7	HF	Heart failure	1.3233867947306e-11
ENSG00000128591	FLNC	HF	Heart failure	2.15826526495961e-12
ENSG00000134571	MYBPC3	HF	Heart failure	1.71138542947533e-13
ENSG00000151929	BAG3	HF	Heart failure	4.11571015133985e-11
ENSG00000160789	LMNA	HF	Heart failure	5.92700120707952e-13
ENSG00000168769	TET2	HF	Heart failure	1.02458716670723e-07
ENSG00000096696	DSP	HF	Heart failure	6.77798763324413e-08
ENSG00000008710	PKD1	HTN	Hypertension	6.44336991027749e-120
ENSG00000061987	MON2	HTN	Hypertension	1.37702388415183e-07
ENSG00000118762	PKD2	HTN	Hypertension	5.80340719883041e-26
ENSG00000119772	DNMT3A	HTN	Hypertension	2.08434194239459e-09
ENSG00000140262	TCF12	HTN	Hypertension	5.9812327897999e-09
ENSG00000144357	UBR3	HTN	Hypertension	2.28383528991887e-10
ENSG00000164116	GUCY1A1	HTN	Hypertension	2.08487981750973e-10
ENSG00000164134	NAA15	HTN	Hypertension	1.24921170297523e-08
ENSG00000164867	NOS3	HTN	Hypertension	1.64033299736097e-14
ENSG00000169418	NPR1	HTN	Hypertension	2.05118613044805e-09
ENSG00000173064	HECTD4	HTN	Hypertension	2.85007547852785e-08
ENSG00000008710	PKD1	IFHern	Inguinal, femoral, and abdominal hernia	3.52021336153185e-14
ENSG00000140694	PARN	ILDSarc	Interstitial lung disease and pulmonary sarcoidosis	6.48940159937695e-17
ENSG00000164362	TERT	ILDSarc	Interstitial lung disease and pulmonary sarcoidosis	3.08352357487497e-15
ENSG00000168769	TET2	ILDSarc	Interstitial lung disease and pulmonary sarcoidosis	8.91507893008731e-09
ENSG00000170836	PPM1D	ILDSarc	Interstitial lung disease and pulmonary sarcoidosis	5.31592103957171e-08
ENSG00000171456	ASXL1	ILDSarc	Interstitial lung disease and pulmonary sarcoidosis	6.77859149979096e-08
ENSG00000258366	RTEL1	ILDSarc	Interstitial lung disease and pulmonary sarcoidosis	1.03386967010801e-17
ENSG00000008710	PKD1	LDLC	LDL cholesterol	8.98082008918397e-11
ENSG00000010327	STAB1	LDLC	LDL cholesterol	4.64868906556163e-09
ENSG00000015520	NPC1L1	LDLC	LDL cholesterol	8.49935780605633e-23
ENSG00000087237	CETP	LDLC	LDL cholesterol	1.50733533804422e-08
ENSG00000101670	LIPG	LDLC	LDL cholesterol	1.11911547096977e-07
ENSG00000106633	GCK	LDLC	LDL cholesterol	4.80562171728401e-09
ENSG00000125844	RRBP1	LDLC	LDL cholesterol	2.20789670307314e-15
ENSG00000132855	ANGPTL3	LDLC	LDL cholesterol	1.8081755488328e-32
ENSG00000136111	TBC1D4	LDLC	LDL cholesterol	4.9412321292184e-09
ENSG00000138075	ABCG5	LDLC	LDL cholesterol	1.20862367614308e-24
ENSG00000141505	ASGR1	LDLC	LDL cholesterol	1.90144703837174e-10
ENSG00000143921	ABCG8	LDLC	LDL cholesterol	1.25156139224774e-12
ENSG00000145850	TIMD4	LDLC	LDL cholesterol	1.63797590316836e-09
ENSG00000146830	GIGYF1	LDLC	LDL cholesterol	3.18499686637844e-15
ENSG00000154262	ABCA6	LDLC	LDL cholesterol	1.73418035899626e-09
ENSG00000163631	ALB	LDLC	LDL cholesterol	2.48298255724173e-16
ENSG00000165029	ABCA1	LDLC	LDL cholesterol	2.53923008815707e-11
ENSG00000168769	TET2	LDLC	LDL cholesterol	2.75309288598703e-07
ENSG00000171456	ASXL1	LDLC	LDL cholesterol	4.99735701815209e-09
ENSG00000244734	HBB	LDLC	LDL cholesterol	2.13794264738334e-20
ENSG00000096968	JAK2	LDLC	LDL cholesterol	8.2723013264966e-13
ENSG00000130164	LDLR	NonRheuValv	Non-rheumatic valvular heart disease	9.50767513425045e-13
ENSG00000155657	TTN	NonRheuValv	Non-rheumatic valvular heart disease	7.94305705996685e-19
ENSG00000166147	FBN1	NonRheuValv	Non-rheumatic valvular heart disease	4.64987978354507e-24
ENSG00000171456	ASXL1	NonRheuValv	Non-rheumatic valvular heart disease	1.97633248682328e-07
ENSG00000196924	FLNA	NonRheuValv	Non-rheumatic valvular heart disease	2.79580547965887e-07
ENSG00000008710	PKD1	NonRheuValv	Non-rheumatic valvular heart disease	1.23339888941522e-11
ENSG00000008710	PKD1	PAD	Peripheral artery disease	2.05173022917083e-09
ENSG00000100097	LGALS1	PAD	Peripheral artery disease	3.34045580047499e-08
ENSG00000110427	KIAA1549L	PAD	Peripheral artery disease	3.13081370291405e-08
ENSG00000130164	LDLR	PAD	Peripheral artery disease	6.00587674922487e-14
ENSG00000133895	MEN1	Pancreat	Pancreatitis	6.44946689915038e-21
ENSG00000134982	APC	Pancreat	Pancreatitis	3.4794669372397e-19
ENSG00000139618	BRCA2	Pancreat	Pancreatitis	3.01532768006493e-08
ENSG00000134982	APC	PeptUlcer	Peptic ulcer disease	1.76432924237234e-12
ENSG00000101745	ANKRD12	Psori	Psoriasis	1.88054463875325e-08
ENSG00000204084	INPP5B	RheumArth	Rheumatoid arthritis	5.06647698068841e-07
ENSG00000121898	CPXM2	RheumArth	Rheumatoid arthritis	8.64424706210917e-12
ENSG00000134571	MYBPC3	RheumHeaDis	Rheumatic heart disease	1.44462637657694e-09
ENSG00000155657	TTN	RheumHeaDis	Rheumatic heart disease	1.30015390705495e-19
ENSG00000160789	LMNA	RheumHeaDis	Rheumatic heart disease	2.40643234144503e-09
ENSG00000166147	FBN1	RheumHeaDis	Rheumatic heart disease	6.34223193312567e-18
ENSG00000214944	ARHGEF28	RheumHeaDis	Rheumatic heart disease	6.56955972439422e-07
ENSG00000105993	DNAJB6	Stroke	Stroke	1.24291962473412e-07
ENSG00000166033	HTRA1	Stroke	Stroke	1.90131222262533e-07
ENSG00000185875	THNSL1	Stroke	Stroke	1.8275987961854e-07
ENSG00000005810	MYCBP2	T2Diab	Type 2 diabetes	2.97506602524937e-09
ENSG00000008300	CELSR3	T2Diab	Type 2 diabetes	1.30983439720176e-07
ENSG00000083290	ULK2	T2Diab	Type 2 diabetes	4.93332787848811e-07
ENSG00000099381	SETD1A	T2Diab	Type 2 diabetes	3.95598081006442e-11
ENSG00000100281	HMGXB4	T2Diab	Type 2 diabetes	5.6539248851364e-09
ENSG00000101752	MIB1	T2Diab	Type 2 diabetes	9.91764141544319e-11
ENSG00000106331	PAX4	T2Diab	Type 2 diabetes	2.22923800095171e-08
ENSG00000106633	GCK	T2Diab	Type 2 diabetes	1.17150313942184e-49
ENSG00000132170	PPARG	T2Diab	Type 2 diabetes	5.59140446139817e-08
ENSG00000135100	HNF1A	T2Diab	Type 2 diabetes	1.83385968113841e-30
ENSG00000139515	PDX1	T2Diab	Type 2 diabetes	2.64062622053132e-13
ENSG00000140262	TCF12	T2Diab	Type 2 diabetes	5.73369230004497e-09
ENSG00000144357	UBR3	T2Diab	Type 2 diabetes	1.3804197571901e-11
ENSG00000146830	GIGYF1	T2Diab	Type 2 diabetes	4.10508912971489e-20
ENSG00000154310	TNIK	T2Diab	Type 2 diabetes	1.04836830940325e-10
ENSG00000163638	ADAMTS9	T2Diab	Type 2 diabetes	2.49431953608867e-07
ENSG00000164134	NAA15	T2Diab	Type 2 diabetes	1.6333513758397e-09
ENSG00000173064	HECTD4	T2Diab	Type 2 diabetes	2.47677135774056e-12
ENSG00000185950	IRS2	T2Diab	Type 2 diabetes	3.63392431717931e-15
ENSG00000010327	STAB1	TChol	Total cholesterol	5.024053260014e-15
ENSG00000015520	NPC1L1	TChol	Total cholesterol	2.36546483494951e-20
ENSG00000073060	SCARB1	TChol	Total cholesterol	2.08377743921003e-13
ENSG00000096968	JAK2	TChol	Total cholesterol	5.14992132836262e-18
ENSG00000101670	LIPG	TChol	Total cholesterol	9.56578391002192e-31
ENSG00000125844	RRBP1	TChol	Total cholesterol	2.17160005146012e-10
ENSG00000131482	G6PC1	TChol	Total cholesterol	6.26701231014742e-12
ENSG00000136111	TBC1D4	TChol	Total cholesterol	1.46417880406179e-08
ENSG00000138075	ABCG5	TChol	Total cholesterol	5.91847568664047e-25
ENSG00000143921	ABCG8	TChol	Total cholesterol	1.70543473195231e-11
ENSG00000145850	TIMD4	TChol	Total cholesterol	5.47512279018768e-18
ENSG00000146830	GIGYF1	TChol	Total cholesterol	3.3884427909087e-18
ENSG00000154262	ABCA6	TChol	Total cholesterol	1.2294532681225e-08
ENSG00000163631	ALB	TChol	Total cholesterol	3.81933988248451e-21
ENSG00000165029	ABCA1	TChol	Total cholesterol	4.00878603962574e-123
ENSG00000166035	LIPC	TChol	Total cholesterol	6.72215318519483e-14
ENSG00000168769	TET2	TChol	Total cholesterol	1.73050577082331e-15
ENSG00000183087	GAS6	TChol	Total cholesterol	7.4297123588864e-09
ENSG00000213398	LCAT	TChol	Total cholesterol	5.12453405086018e-28
ENSG00000213996	TM6SF2	TChol	Total cholesterol	3.54904699845829e-08
ENSG00000244734	HBB	TChol	Total cholesterol	8.5886260068563e-27
ENSG00000025434	NR1H3	TG	Triglycerides	2.23162450338132e-10
ENSG00000110090	CPT1A	TG	Triglycerides	7.52909687548344e-08
ENSG00000110243	APOA5	TG	Triglycerides	6.82918940074056e-104
ENSG00000123739	PLA2G12A	TG	Triglycerides	1.98254594597433e-10
ENSG00000130164	LDLR	TG	Triglycerides	7.70868249012791e-08
ENSG00000130173	ANGPTL8	TG	Triglycerides	3.01346160589497e-42
ENSG00000131482	G6PC1	TG	Triglycerides	1.4921978893684e-32
ENSG00000132170	PPARG	TG	Triglycerides	1.37442778408154e-18
ENSG00000137834	SMAD6	TG	Triglycerides	3.03399969085061e-08
ENSG00000145850	TIMD4	TG	Triglycerides	1.50987758080851e-14
ENSG00000152270	PDE3B	TG	Triglycerides	1.00464928283256e-29
ENSG00000166035	LIPC	TG	Triglycerides	2.18866503777018e-12
ENSG00000166819	PLIN1	TG	Triglycerides	4.50041753663838e-12
ENSG00000167772	ANGPTL4	TG	Triglycerides	3.60738652992896e-74
ENSG00000171105	INSR	TG	Triglycerides	1.92085553347113e-18
ENSG00000183087	GAS6	TG	Triglycerides	1.41842970889302e-10
ENSG00000213398	LCAT	TG	Triglycerides	4.62467891839092e-11
ENSG00000213996	TM6SF2	TG	Triglycerides	1.86326863935997e-11
ENSG00000128309	MPST	Urolith	Urolithiasis	1.45327565291416e-08
ENSG00000133895	MEN1	Urolith	Urolithiasis	7.21929507929135e-16
ENSG00000198569	SLC34A3	Urolith	Urolithiasis	1.52633102769971e-15
ENSG00000075407	ZNF37A	Urolith	Urolithiasis	2.41202338319684e-07
ENSG00000103335	PIEZO1	VaricVeins	Varicose veins	3.04327417091411e-19
ENSG00000221923	ZNF880	VaricVeins	Varicose veins	3.39269340874735e-08
ENSG00000008710	PKD1	VTE	Venous thromboembolism	3.10391979117746e-11
ENSG00000088926	F11	VTE	Venous thromboembolism	2.13550802988165e-08
ENSG00000115718	PROC	VTE	Venous thromboembolism	1.37892499315554e-26
ENSG00000117601	SERPINC1	VTE	Venous thromboembolism	3.20142745467372e-13
ENSG00000130589	HELZ2	VTE	Venous thromboembolism	9.93853055643257e-09
ENSG00000136011	STAB2	VTE	Venous thromboembolism	3.95197783900322e-11
ENSG00000178726	THBD	VTE	Venous thromboembolism	7.42723659255686e-08
ENSG00000184500	PROS1	VTE	Venous thromboembolism	5.86487984301124e-34
ENSG00000004399	PLXND1	WHRBMI	Waist to hip ratio adjusted for BMI	8.5926279786808e-08
ENSG00000008710	PKD1	WHRBMI	Waist to hip ratio adjusted for BMI	1.35146028423955e-16
ENSG00000010327	STAB1	WHRBMI	Waist to hip ratio adjusted for BMI	9.68818943903875e-08
ENSG00000079999	KEAP1	WHRBMI	Waist to hip ratio adjusted for BMI	2.99669354212376e-13
ENSG00000080573	COL5A3	WHRBMI	Waist to hip ratio adjusted for BMI	3.88445935436831e-13
ENSG00000092978	GPATCH2	WHRBMI	Waist to hip ratio adjusted for BMI	1.68733290295264e-09
ENSG00000101745	ANKRD12	WHRBMI	Waist to hip ratio adjusted for BMI	3.8051667382672e-10
ENSG00000101752	MIB1	WHRBMI	Waist to hip ratio adjusted for BMI	7.94925726205557e-15
ENSG00000125944	HNRNPR	WHRBMI	Waist to hip ratio adjusted for BMI	2.44115461517278e-07
ENSG00000125952	MAX	WHRBMI	Waist to hip ratio adjusted for BMI	5.21630028236293e-07
ENSG00000132170	PPARG	WHRBMI	Waist to hip ratio adjusted for BMI	6.19718683706755e-08
ENSG00000132763	MMACHC	WHRBMI	Waist to hip ratio adjusted for BMI	2.35080304796651e-09
ENSG00000139269	INHBE	WHRBMI	Waist to hip ratio adjusted for BMI	9.76131602905582e-09
ENSG00000146830	GIGYF1	WHRBMI	Waist to hip ratio adjusted for BMI	6.73954276720901e-09
ENSG00000152270	PDE3B	WHRBMI	Waist to hip ratio adjusted for BMI	5.31439418103992e-11
ENSG00000165029	ABCA1	WHRBMI	Waist to hip ratio adjusted for BMI	6.80800437746745e-10
ENSG00000166819	PLIN1	WHRBMI	Waist to hip ratio adjusted for BMI	9.2852577145293e-27
ENSG00000171105	INSR	WHRBMI	Waist to hip ratio adjusted for BMI	2.01963089863141e-10
ENSG00000171456	ASXL1	WHRBMI	Waist to hip ratio adjusted for BMI	1.94137466967999e-08
ENSG00000180488	MIGA1	WHRBMI	Waist to hip ratio adjusted for BMI	6.22631307330361e-07
ENSG00000142687	KIAA0319L	WHRBMI	Waist to hip ratio adjusted for BMI	2.09781244729424e-07
ENSG00000163866	SMIM12	WHRBMI	Waist to hip ratio adjusted for BMI	1.96193483574131e-07
ENSG00000081479	LRP2	Gout	Gout	2.72331343069971e-08
ENSG00000131482	G6PC1	Gout	Gout	6.22468364785792e-07
ENSG00000062282	DGAT2	HDLC	HDL cholesterol	9.76779032936516e-08
ENSG00000079999	KEAP1	HDLC	HDL cholesterol	1.38583629242462e-07
ENSG00000100077	GRK3	HDLC	HDL cholesterol	1.20055295404377e-07
ENSG00000144852	NR1I2	HDLC	HDL cholesterol	4.20460230618698e-11
ENSG00000161649	CD300LG	HDLC	HDL cholesterol	3.57148746779763e-08
ENSG00000244734	HBB	HDLC	HDL cholesterol	2.65620951955259e-09
ENSG00000179218	CALR	HDLC	HDL cholesterol	1.00338868164314e-09
ENSG00000009780	FAM76A	Height	Height	2.04256045754619e-07
ENSG00000060339	CCAR1	Height	Height	1.77960808096013e-07
ENSG00000070018	LRP6	Height	Height	3.36955772178326e-07
ENSG00000083444	PLOD1	Height	Height	3.81992575776078e-08
ENSG00000087245	MMP2	Height	Height	6.44001371311564e-07
ENSG00000088854	DNAAF9	Height	Height	5.8427352658971e-07
ENSG00000095752	IL11	Height	Height	9.8606550133666e-08
ENSG00000100968	NFATC4	Height	Height	4.62906440876989e-07
ENSG00000104447	TRPS1	Height	Height	1.96300950290595e-08
ENSG00000105722	ERF	Height	Height	2.10967960631418e-09
ENSG00000108799	EZH1	Height	Height	1.8732570668693e-07
ENSG00000110075	PPP6R3	Height	Height	2.73549964435086e-07
ENSG00000122863	CHST3	Height	Height	1.94129431412074e-07
ENSG00000125845	BMP2	Height	Height	6.07408823436806e-07
ENSG00000128908	INO80	Height	Height	2.87106890646642e-08
ENSG00000136231	IGF2BP3	Height	Height	1.15961304893055e-07
ENSG00000138735	PDE5A	Height	Height	3.76601083487722e-07
ENSG00000140368	PSTPIP1	Height	Height	2.28790438340027e-08
ENSG00000143319	ISG20L2	Height	Height	2.27460712130695e-07
ENSG00000146122	DAAM2	Height	Height	8.65315588780577e-09
ENSG00000147548	NSD3	Height	Height	4.80016328879316e-07
ENSG00000153107	ANAPC1	Height	Height	2.06735335009637e-07
ENSG00000153914	SREK1	Height	Height	1.41787335807348e-08
ENSG00000154305	MIA3	Height	Height	4.1588386025566e-07
ENSG00000154309	DISP1	Height	Height	2.0290070307908e-08
ENSG00000159202	UBE2Z	Height	Height	3.47980426969962e-07
ENSG00000160882	CYP11B1	Height	Height	4.15627742201798e-07
ENSG00000162745	OLFML2B	Height	Height	1.66873833751809e-07
ENSG00000162804	SNED1	Height	Height	7.0147355735861e-08
ENSG00000165891	E2F7	Height	Height	5.37733824145066e-08
ENSG00000167193	CRK	Height	Height	5.76922771460527e-07
ENSG00000170608	FOXA3	Height	Height	3.37347680639212e-07
ENSG00000188729	OSTN	Height	Height	1.04812760848251e-08
ENSG00000196482	ESRRG	Height	Height	2.11412332699122e-08
ENSG00000198056	PRIM1	Height	Height	8.26738469921087e-08
ENSG00000198265	HELZ	Height	Height	5.64546908709207e-07
ENSG00000204256	BRD2	Height	Height	2.02524328790586e-07
ENSG00000213398	LCAT	Height	Height	4.5089995086955e-09
ENSG00000107651	SEC23IP	Height	Height	1.39170570876277e-07
ENSG00000008710	PKD1	HF	Heart failure	2.61395643949439e-07
ENSG00000119772	DNMT3A	HF	Heart failure	2.43280052738772e-08
ENSG00000183463	URAD	HF	Heart failure	3.34892888666659e-07
ENSG00000232653	GOLGA8N	HF	Heart failure	6.90251332226088e-08
ENSG00000064419	TNPO3	HTN	Hypertension	1.34200841425568e-07
ENSG00000102780	DGKH	HTN	Hypertension	1.9127008000586e-07
ENSG00000182511	FES	HTN	Hypertension	1.55518614547036e-10
ENSG00000241973	PI4KA	HTN	Hypertension	2.97636083567668e-07
ENSG00000134982	APC	IBD	Inflammatory bowel disease	2.76316233767849e-07
ENSG00000217128	FNIP1	AFib	Atrial fibrillation	5.07866615440133e-09
ENSG00000173545	ZNF622	AMD	Age-related macular degeneration	2.65509812319863e-08
ENSG00000111669	TPI1	BenCervUterNeo	Benign and in situ cervical and uterine neoplasms	6.00981293001112e-08
ENSG00000101752	MIB1	BMI	Body mass index	4.18894458655767e-07
ENSG00000148408	CACNA1B	BMI	Body mass index	5.60404830627796e-08
ENSG00000150361	KLHL1	BMI	Body mass index	4.71561367482205e-07
ENSG00000095015	MAP3K1	BreastCanc	Breast cancer	4.320687733912e-07
ENSG00000196712	NF1	BreastCanc	Breast cancer	1.98862448248236e-07
ENSG00000134873	CLDN10	CRF	Chronic renal failure	1.38959219794343e-07
ENSG00000156127	BATF	CRP	C-reactive protein	2.58155320985425e-07
ENSG00000141437	SLC25A52	FemInf	Female infertility	5.32080294312954e-07
ENSG00000122779	TRIM24	Gout	Gout	3.19904717423248e-07
ENSG00000011275	RNF216	Height	Height	4.00706249554009e-07
ENSG00000103742	IGDCC4	Height	Height	6.39671018776137e-07
ENSG00000107290	SETX	Height	Height	3.14582625150151e-07
ENSG00000124813	RUNX2	Height	Height	3.00959661922098e-08
ENSG00000125084	WNT1	Height	Height	1.02117991053782e-07
ENSG00000138080	EMILIN1	Height	Height	5.72560291614903e-07
ENSG00000140564	FURIN	Height	Height	1.08290692259206e-07
ENSG00000163710	PCOLCE2	Height	Height	5.316694334107e-07
ENSG00000185559	DLK1	Height	Height	6.5439355586517e-07
ENSG00000075292	ZNF638	Height	Height	1.16204712033697e-07
ENSG00000130164	LDLR	HF	Heart failure	4.08694885285873e-07
ENSG00000081052	COL4A4	HTN	Hypertension	2.96468514300366e-07
ENSG00000126001	CEP250	HTN	Hypertension	2.01986565831853e-07
ENSG00000164061	BSN	HTN	Hypertension	1.61160810339625e-08
ENSG00000175206	NPPA	HTN	Hypertension	1.60649589947623e-07
ENSG00000123146	ADGRE5	ILDSarc	Interstitial lung disease and pulmonary sarcoidosis	2.85298411877108e-07
ENSG00000113161	HMGCR	LDLC	LDL cholesterol	2.79630350575665e-08
ENSG00000075151	EIF4G3	LDLC	LDL cholesterol	2.28533172838785e-07
ENSG00000066933	MYO9A	PAD	Peripheral artery disease	1.41077913121141e-07
ENSG00000068383	INPP5A	RheumArth	Rheumatoid arthritis	6.28106245939196e-09
ENSG00000156395	SORCS3	RheumArth	Rheumatoid arthritis	4.7452512216652e-08
ENSG00000008710	PKD1	RheumHeaDis	Rheumatic heart disease	1.37308322156045e-07
ENSG00000169375	SIN3A	Stroke	Stroke	5.50002933154207e-08
ENSG00000214575	CPEB1	Stroke	Stroke	1.08075962431925e-07
ENSG00000138078	PREPL	T2Diab	Type 2 diabetes	4.94873292418723e-07
ENSG00000164061	BSN	T2Diab	Type 2 diabetes	1.66052654063113e-08
ENSG00000183530	PRR14L	T2Diab	Type 2 diabetes	3.77905787152953e-08
ENSG00000165475	CRYL1	T2Diab	Type 2 diabetes	2.43241483995559e-08
ENSG00000099822	HCN2	T2Diab	Type 2 diabetes	1.18841646889705e-07
ENSG00000012504	NR1H4	TChol	Total cholesterol	3.9130333652408e-08
ENSG00000113161	HMGCR	TChol	Total cholesterol	3.34370540856616e-07
ENSG00000137145	DENND4C	TChol	Total cholesterol	5.15033815757168e-07
ENSG00000141505	ASGR1	TChol	Total cholesterol	1.8507714660113e-08
ENSG00000008710	PKD1	TChol	Total cholesterol	2.37489680497573e-08
ENSG00000179218	CALR	TChol	Total cholesterol	2.07448121615343e-07
ENSG00000108551	RASD1	TG	Triglycerides	4.87804418761074e-08
ENSG00000109758	HGFAC	TG	Triglycerides	2.23890070715723e-07
ENSG00000156411	ATP5MJ	Urolith	Urolithiasis	1.29295484234125e-08
ENSG00000132664	POLR3F	VaricVeins	Varicose veins	1.11349128741531e-07
ENSG00000123612	ACVR1C	WHRBMI	Waist to hip ratio adjusted for BMI	6.98654571982328e-08
ENSG00000167676	PLIN4	WHRBMI	Waist to hip ratio adjusted for BMI	5.37816762563715e-08
ENSG00000168542	COL3A1	WHRBMI	Waist to hip ratio adjusted for BMI	1.29799039345695e-07
ENSG00000198743	SLC5A3	WHRBMI	Waist to hip ratio adjusted for BMI	8.4782965722277e-08
ENSG00000204006	C1orf185	WHRBMI	Waist to hip ratio adjusted for BMI	1.83949292226383e-07
ENSG00000007944	MYLIP	LDLC	LDL cholesterol	6.52711193328725e-07
ENSG00000012504	NR1H4	LDLC	LDL cholesterol	1.92740472153034e-07
ENSG00000189091	SF3B3	CervCanc	Cervical cancer	7.31822963921704e-09
ENSG00000066117	SMARCD1	Height	Height	4.03924492220967e-07
ENSG00000159251	ACTC1	HF	Heart failure	9.81531464480148e-10
ENSG00000043093	DCUN1D1	HipRep	Hip replacement	1.6953609086911e-07
ENSG00000174963	ZIC4	VaricVeins	Varicose veins	6.18133538605425e-07
ENSG00000134571	MYBPC3	NonRheuValv	Non-rheumatic valvular heart disease	1.75570504983589e-07
ENSG00000134489	HRH4	Psori	Psoriasis	6.26665831129134e-07
ENSG00000183513	COA5	Psori	Psoriasis	1.66864208854576e-07
ENSG00000146247	PHIP	RheumHeaDis	Rheumatic heart disease	2.9139245873534e-07
ENSG00000181192	DHTKD1	RheumHeaDis	Rheumatic heart disease	3.68546586626449e-07
ENSG00000131711	MAP1B	AFib	Atrial fibrillation	1.14519456605532e-09
ENSG00000131055	COX4I2	BreastCanc	Breast cancer	6.56459114193982e-07
ENSG00000181817	LSM10	Height	Height	9.68533518183562e-08
ENSG00000248746	ACTN3	Height	Height	6.40562019435895e-09
ENSG00000110442	COMMD9	WHRBMI	Waist to hip ratio adjusted for BMI	1.80688469757144e-07
ENSG00000101076	HNF4A	T2Diab	Type 2 diabetes	3.81211191619007e-07
ENSG00000128191	DGCR8	T2Diab	Type 2 diabetes	5.84628841046139e-07
ENSG00000130559	CAMSAP1	T2Diab	Type 2 diabetes	2.49937051452156e-07
ENSG00000088451	TGDS	T2Diab	Type 2 diabetes	1.23498176714176e-07
ENSG00000171456	ASXL1	TChol	Total cholesterol	5.79397316416754e-07
ENSG00000009950	MLXIPL	TG	Triglycerides	3.81338463688525e-07
ENSG00000084734	GCKR	TG	Triglycerides	6.05684578229166e-07
ENSG00000092051	JPH4	TG	Triglycerides	4.03125845760429e-07
ENSG00000140479	PCSK6	TG	Triglycerides	4.42126334686928e-08
ENSG00000008710	PKD1	Urolith	Urolithiasis	3.66286931521351e-08
ENSG00000019186	CYP24A1	Urolith	Urolithiasis	6.3544593973987e-09
ENSG00000118762	PKD2	Urolith	Urolithiasis	4.29144190855955e-08
ENSG00000115902	SLC1A4	VaricVeins	Varicose veins	2.66041809513528e-07
